"ServerName","DisplayName","Version","InstallDate"
"QN-AZQA-DBD-01","Microsoft .NET Runtime - 6.0.6 (x64)","48.27.42327","20220704"
"QN-AZQA-DBD-01","Microsoft .NET Core Host - 3.1.26 (x86)","24.104.31323","20220704"
"QN-AZQA-DBD-01","Microsoft .NET Host - 6.0.6 (x86)","48.27.42327","20220704"
"QN-AZQA-DBD-01","Microsoft .NET Host FX Resolver - 5.0.17 (x64)","40.68.31213","20220704"
"QN-AZQA-DBD-01","Microsoft .NET Core Host FX Resolver - 3.1.26 (x86)","24.104.31323","20220704"
"QN-AZQA-DBD-01","Microsoft .NET Core Host - 3.1.26 (x64)","24.104.31323","20220704"
"QN-AZQA-DBD-01","Microsoft .NET Runtime - 5.0.17 (x64)","40.68.31213","20220704"
"QN-AZQA-DBD-01","Microsoft .NET Host - 5.0.17 (x86)","40.68.31213","20220704"
"QN-AZQA-DBD-01","Microsoft .NET Host FX Resolver - 6.0.6 (x64)","48.27.42327","20220704"
"QN-AZQA-DBD-01","Microsoft .NET Core Host FX Resolver - 3.1.26 (x64)","24.104.31323","20220704"
"QN-AZQA-DBD-01","Microsoft .NET Runtime - 5.0.17 (x86)","40.68.31213","20220704"
"QN-AZQA-DBD-01","Microsoft .NET Host FX Resolver - 5.0.17 (x86)","40.68.31213","20220704"
"QN-AZQA-DBD-01","Microsoft .NET Host - 6.0.6 (x64)","48.27.42327","20220704"
"QN-AZQA-DBD-01","Microsoft .NET Core Runtime - 3.1.26 (x64)","24.104.31323","20220704"
"QN-AZQA-DBD-01","Microsoft .NET Runtime - 6.0.6 (x86)","48.27.42327","20220704"
"QN-AZQA-DBD-01","Microsoft .NET Core Runtime - 3.1.26 (x86)","24.104.31323","20220704"
"QN-AZQA-DBD-01","Microsoft .NET Host FX Resolver - 6.0.6 (x86)","48.27.42327","20220704"
"QN-AZQA-DBD-01","Microsoft .NET Host - 5.0.17 (x64)","40.68.31213","20220704"
"QN-AZQA-DBD-01","Microsoft .NET Runtime - 6.0.6 (x64)","48.27.42327","20220704"
"QN-AZQA-DBD-01","Microsoft .NET Core Host - 3.1.26 (x86)","24.104.31323","20220704"
"QN-AZQA-DBD-01","Microsoft .NET Host - 6.0.6 (x86)","48.27.42327","20220704"
"QN-AZQA-DBD-01","Microsoft .NET Host FX Resolver - 5.0.17 (x64)","40.68.31213","20220704"
"QN-AZQA-DBD-01","Microsoft .NET Core Host FX Resolver - 3.1.26 (x86)","24.104.31323","20220704"
"QN-AZQA-DBD-01","Microsoft .NET Core Host - 3.1.26 (x64)","24.104.31323","20220704"
"QN-AZQA-DBD-01","Microsoft .NET Runtime - 5.0.17 (x64)","40.68.31213","20220704"
"QN-AZQA-DBD-01","Microsoft .NET Host - 5.0.17 (x86)","40.68.31213","20220704"
"QN-AZQA-DBD-01","Microsoft .NET Host FX Resolver - 6.0.6 (x64)","48.27.42327","20220704"
"QN-AZQA-DBD-01","Microsoft .NET Core Host FX Resolver - 3.1.26 (x64)","24.104.31323","20220704"
"QN-AZQA-DBD-01","Microsoft .NET Runtime - 5.0.17 (x86)","40.68.31213","20220704"
"QN-AZQA-DBD-01","Microsoft .NET Host FX Resolver - 5.0.17 (x86)","40.68.31213","20220704"
"QN-AZQA-DBD-01","Microsoft .NET Host - 6.0.6 (x64)","48.27.42327","20220704"
"QN-AZQA-DBD-01","Microsoft .NET Core Runtime - 3.1.26 (x64)","24.104.31323","20220704"
"QN-AZQA-DBD-01","Microsoft .NET Runtime - 6.0.6 (x86)","48.27.42327","20220704"
"QN-AZQA-DBD-01","Microsoft .NET Core Runtime - 3.1.26 (x86)","24.104.31323","20220704"
"QN-AZQA-DBD-01","Microsoft .NET Host FX Resolver - 6.0.6 (x86)","48.27.42327","20220704"
"QN-AZQA-DBD-01","Microsoft .NET Host - 5.0.17 (x64)","40.68.31213","20220704"
"QN-AZQA-DOC-01","Microsoft .NET Core Host - 3.1.28 (x86)","24.112.31513","20220805"
"QN-AZQA-DOC-01","Microsoft .NET Host FX Resolver - 5.0.17 (x64)","40.68.31213","20220805"
"QN-AZQA-DOC-01","Microsoft .NET Core Host FX Resolver - 3.1.28 (x86)","24.112.31513","20220805"
"QN-AZQA-DOC-01","Microsoft .NET Host - 6.0.8 (x64)","48.35.45462","20220805"
"QN-AZQA-DOC-01","Microsoft .NET Core Runtime - 3.1.28 (x86)","24.112.31513","20220805"
"QN-AZQA-DOC-01","Microsoft .NET Host - 6.0.8 (x86)","48.35.45462","20220805"
"QN-AZQA-DOC-01","Microsoft .NET Core Host FX Resolver - 3.1.28 (x64)","24.112.31513","20220805"
"QN-AZQA-DOC-01","Microsoft .NET Host FX Resolver - 6.0.8 (x64)","48.35.45462","20220805"
"QN-AZQA-DOC-01","Microsoft .NET Host FX Resolver - 6.0.8 (x86)","48.35.45462","20220805"
"QN-AZQA-DOC-01","Microsoft .NET Runtime - 5.0.17 (x64)","40.68.31213","20220805"
"QN-AZQA-DOC-01","Microsoft .NET Host - 5.0.17 (x86)","40.68.31213","20220805"
"QN-AZQA-DOC-01","Microsoft .NET Runtime - 5.0.17 (x86)","40.68.31213","20220805"
"QN-AZQA-DOC-01","Microsoft .NET Host FX Resolver - 5.0.17 (x86)","40.68.31213","20220805"
"QN-AZQA-DOC-01","Microsoft .NET Runtime - 6.0.8 (x86)","48.35.45462","20220805"
"QN-AZQA-DOC-01","Microsoft .NET Core Runtime - 3.1.28 (x64)","24.112.31513","20220805"
"QN-AZQA-DOC-01","Microsoft .NET Host - 5.0.17 (x64)","40.68.31213","20220805"
"QN-AZQA-DOC-01","Microsoft .NET Core Host - 3.1.28 (x64)","24.112.31513","20220805"
"QN-AZQA-DOC-01","Microsoft .NET Runtime - 6.0.8 (x64)","48.35.45462","20220805"
"QN-AZQA-DOC-01","Microsoft .NET Core Host - 3.1.28 (x86)","24.112.31513","20220805"
"QN-AZQA-DOC-01","Microsoft .NET Host FX Resolver - 5.0.17 (x64)","40.68.31213","20220805"
"QN-AZQA-DOC-01","Microsoft .NET Core Host FX Resolver - 3.1.28 (x86)","24.112.31513","20220805"
"QN-AZQA-DOC-01","Microsoft .NET Host - 6.0.8 (x64)","48.35.45462","20220805"
"QN-AZQA-DOC-01","Microsoft .NET Core Runtime - 3.1.28 (x86)","24.112.31513","20220805"
"QN-AZQA-DOC-01","Microsoft .NET Host - 6.0.8 (x86)","48.35.45462","20220805"
"QN-AZQA-DOC-01","Microsoft .NET Core Host FX Resolver - 3.1.28 (x64)","24.112.31513","20220805"
"QN-AZQA-DOC-01","Microsoft .NET Host FX Resolver - 6.0.8 (x64)","48.35.45462","20220805"
"QN-AZQA-DOC-01","Microsoft .NET Host FX Resolver - 6.0.8 (x86)","48.35.45462","20220805"
"QN-AZQA-DOC-01","Microsoft .NET Runtime - 5.0.17 (x64)","40.68.31213","20220805"
"QN-AZQA-DOC-01","Microsoft .NET Host - 5.0.17 (x86)","40.68.31213","20220805"
"QN-AZQA-DOC-01","Microsoft .NET Runtime - 5.0.17 (x86)","40.68.31213","20220805"
"QN-AZQA-DOC-01","Microsoft .NET Host FX Resolver - 5.0.17 (x86)","40.68.31213","20220805"
"QN-AZQA-DOC-01","Microsoft .NET Runtime - 6.0.8 (x86)","48.35.45462","20220805"
"QN-AZQA-DOC-01","Microsoft .NET Core Runtime - 3.1.28 (x64)","24.112.31513","20220805"
"QN-AZQA-DOC-01","Microsoft .NET Host - 5.0.17 (x64)","40.68.31213","20220805"
"QN-AZQA-DOC-01","Microsoft .NET Core Host - 3.1.28 (x64)","24.112.31513","20220805"
"QN-AZQA-DOC-01","Microsoft .NET Runtime - 6.0.8 (x64)","48.35.45462","20220805"
"QN-AZQA-RPT-06","Microsoft .NET Host FX Resolver - 6.0.19 (x64)","48.79.63142","20230621"
"QN-AZQA-RPT-06","Microsoft .NET Host FX Resolver - 6.0.19 (x86)","48.79.63142","20230621"
"QN-AZQA-RPT-06","Microsoft .NET Host - 6.0.19 (x86)","48.79.63142","20230621"
"QN-AZQA-RPT-06","Microsoft .NET Host - 6.0.19 (x64)","48.79.63142","20230621"
"QN-AZQA-RPT-06","Microsoft .NET Runtime - 6.0.19 (x64)","48.79.63142","20230621"
"QN-AZQA-RPT-06","Microsoft .NET Runtime - 6.0.19 (x86)","48.79.63142","20230621"
"QN-AZQA-RPT-06","Microsoft .NET Host FX Resolver - 6.0.19 (x64)","48.79.63142","20230621"
"QN-AZQA-RPT-06","Microsoft .NET Host FX Resolver - 6.0.19 (x86)","48.79.63142","20230621"
"QN-AZQA-RPT-06","Microsoft .NET Host - 6.0.19 (x86)","48.79.63142","20230621"
"QN-AZQA-RPT-06","Microsoft .NET Host - 6.0.19 (x64)","48.79.63142","20230621"
"QN-AZQA-RPT-06","Microsoft .NET Runtime - 6.0.19 (x64)","48.79.63142","20230621"
"QN-AZQA-RPT-06","Microsoft .NET Runtime - 6.0.19 (x86)","48.79.63142","20230621"
"QN-AZQA-RPT-07","Microsoft .NET Host FX Resolver - 6.0.19 (x64)","48.79.63142","20230621"
"QN-AZQA-RPT-07","Microsoft .NET Host FX Resolver - 6.0.19 (x86)","48.79.63142","20230621"
"QN-AZQA-RPT-07","Microsoft .NET Host - 6.0.19 (x86)","48.79.63142","20230621"
"QN-AZQA-RPT-07","Microsoft .NET Host - 6.0.19 (x64)","48.79.63142","20230621"
"QN-AZQA-RPT-07","Microsoft .NET Runtime - 6.0.19 (x64)","48.79.63142","20230621"
"QN-AZQA-RPT-07","Microsoft .NET Runtime - 6.0.19 (x86)","48.79.63142","20230621"
"QN-AZQA-RPT-07","Microsoft .NET Host FX Resolver - 6.0.19 (x64)","48.79.63142","20230621"
"QN-AZQA-RPT-07","Microsoft .NET Host FX Resolver - 6.0.19 (x86)","48.79.63142","20230621"
"QN-AZQA-RPT-07","Microsoft .NET Host - 6.0.19 (x86)","48.79.63142","20230621"
"QN-AZQA-RPT-07","Microsoft .NET Host - 6.0.19 (x64)","48.79.63142","20230621"
"QN-AZQA-RPT-07","Microsoft .NET Runtime - 6.0.19 (x64)","48.79.63142","20230621"
"QN-AZQA-RPT-07","Microsoft .NET Runtime - 6.0.19 (x86)","48.79.63142","20230621"
"QN-AZQA-SQL-03","Microsoft .NET Core Host - 3.1.28 (x86)","24.112.31513","20220805"
"QN-AZQA-SQL-03","Microsoft .NET Host FX Resolver - 5.0.17 (x64)","40.68.31213","20220805"
"QN-AZQA-SQL-03","Microsoft .NET Core Host FX Resolver - 3.1.28 (x86)","24.112.31513","20220805"
"QN-AZQA-SQL-03","Microsoft .NET Host - 6.0.8 (x64)","48.35.45462","20220805"
"QN-AZQA-SQL-03","Microsoft .NET Core Runtime - 3.1.28 (x86)","24.112.31513","20220805"
"QN-AZQA-SQL-03","Microsoft .NET Host - 6.0.8 (x86)","48.35.45462","20220805"
"QN-AZQA-SQL-03","Microsoft .NET Core Host FX Resolver - 3.1.28 (x64)","24.112.31513","20220805"
"QN-AZQA-SQL-03","Microsoft .NET Host FX Resolver - 6.0.8 (x64)","48.35.45462","20220805"
"QN-AZQA-SQL-03","Microsoft .NET Host FX Resolver - 6.0.8 (x86)","48.35.45462","20220805"
"QN-AZQA-SQL-03","Microsoft .NET Runtime - 5.0.17 (x64)","40.68.31213","20220805"
"QN-AZQA-SQL-03","Microsoft .NET Host - 5.0.17 (x86)","40.68.31213","20220805"
"QN-AZQA-SQL-03","Microsoft .NET Runtime - 5.0.17 (x86)","40.68.31213","20220805"
"QN-AZQA-SQL-03","Microsoft .NET Host FX Resolver - 5.0.17 (x86)","40.68.31213","20220805"
"QN-AZQA-SQL-03","Microsoft .NET Runtime - 6.0.8 (x86)","48.35.45462","20220805"
"QN-AZQA-SQL-03","Microsoft .NET Core Runtime - 3.1.28 (x64)","24.112.31513","20220805"
"QN-AZQA-SQL-03","Microsoft .NET Host - 5.0.17 (x64)","40.68.31213","20220805"
"QN-AZQA-SQL-03","Microsoft .NET Core Host - 3.1.28 (x64)","24.112.31513","20220805"
"QN-AZQA-SQL-03","Microsoft .NET Runtime - 6.0.8 (x64)","48.35.45462","20220805"
"QN-AZQA-SQL-03","Microsoft .NET Core Host - 3.1.28 (x86)","24.112.31513","20220805"
"QN-AZQA-SQL-03","Microsoft .NET Host FX Resolver - 5.0.17 (x64)","40.68.31213","20220805"
"QN-AZQA-SQL-03","Microsoft .NET Core Host FX Resolver - 3.1.28 (x86)","24.112.31513","20220805"
"QN-AZQA-SQL-03","Microsoft .NET Host - 6.0.8 (x64)","48.35.45462","20220805"
"QN-AZQA-SQL-03","Microsoft .NET Core Runtime - 3.1.28 (x86)","24.112.31513","20220805"
"QN-AZQA-SQL-03","Microsoft .NET Host - 6.0.8 (x86)","48.35.45462","20220805"
"QN-AZQA-SQL-03","Microsoft .NET Core Host FX Resolver - 3.1.28 (x64)","24.112.31513","20220805"
"QN-AZQA-SQL-03","Microsoft .NET Host FX Resolver - 6.0.8 (x64)","48.35.45462","20220805"
"QN-AZQA-SQL-03","Microsoft .NET Host FX Resolver - 6.0.8 (x86)","48.35.45462","20220805"
"QN-AZQA-SQL-03","Microsoft .NET Runtime - 5.0.17 (x64)","40.68.31213","20220805"
"QN-AZQA-SQL-03","Microsoft .NET Host - 5.0.17 (x86)","40.68.31213","20220805"
"QN-AZQA-SQL-03","Microsoft .NET Runtime - 5.0.17 (x86)","40.68.31213","20220805"
"QN-AZQA-SQL-03","Microsoft .NET Host FX Resolver - 5.0.17 (x86)","40.68.31213","20220805"
"QN-AZQA-SQL-03","Microsoft .NET Runtime - 6.0.8 (x86)","48.35.45462","20220805"
"QN-AZQA-SQL-03","Microsoft .NET Core Runtime - 3.1.28 (x64)","24.112.31513","20220805"
"QN-AZQA-SQL-03","Microsoft .NET Host - 5.0.17 (x64)","40.68.31213","20220805"
"QN-AZQA-SQL-03","Microsoft .NET Core Host - 3.1.28 (x64)","24.112.31513","20220805"
"QN-AZQA-SQL-03","Microsoft .NET Runtime - 6.0.8 (x64)","48.35.45462","20220805"
"QN-AZQA-SQL-03","Microsoft .NET Core Host - 3.1.28 (x86)","24.112.31513","20220805"
"QN-AZQA-SQL-03","Microsoft .NET Host FX Resolver - 5.0.17 (x64)","40.68.31213","20220805"
"QN-AZQA-SQL-03","Microsoft .NET Core Host FX Resolver - 3.1.28 (x86)","24.112.31513","20220805"
"QN-AZQA-SQL-03","Microsoft .NET Host - 6.0.8 (x64)","48.35.45462","20220805"
"QN-AZQA-SQL-03","Microsoft .NET Core Runtime - 3.1.28 (x86)","24.112.31513","20220805"
"QN-AZQA-SQL-03","Microsoft .NET Host - 6.0.8 (x86)","48.35.45462","20220805"
"QN-AZQA-SQL-03","Microsoft .NET Core Host FX Resolver - 3.1.28 (x64)","24.112.31513","20220805"
"QN-AZQA-SQL-03","Microsoft .NET Host FX Resolver - 6.0.8 (x64)","48.35.45462","20220805"
"QN-AZQA-SQL-03","Microsoft .NET Host FX Resolver - 6.0.8 (x86)","48.35.45462","20220805"
"QN-AZQA-SQL-03","Microsoft .NET Runtime - 5.0.17 (x64)","40.68.31213","20220805"
"QN-AZQA-SQL-03","Microsoft .NET Host - 5.0.17 (x86)","40.68.31213","20220805"
"QN-AZQA-SQL-03","Microsoft .NET Runtime - 5.0.17 (x86)","40.68.31213","20220805"
"QN-AZQA-SQL-03","Microsoft .NET Host FX Resolver - 5.0.17 (x86)","40.68.31213","20220805"
"QN-AZQA-SQL-03","Microsoft .NET Runtime - 6.0.8 (x86)","48.35.45462","20220805"
"QN-AZQA-SQL-03","Microsoft .NET Core Runtime - 3.1.28 (x64)","24.112.31513","20220805"
"QN-AZQA-SQL-03","Microsoft .NET Host - 5.0.17 (x64)","40.68.31213","20220805"
"QN-AZQA-SQL-03","Microsoft .NET Core Host - 3.1.28 (x64)","24.112.31513","20220805"
"QN-AZQA-SQL-03","Microsoft .NET Runtime - 6.0.8 (x64)","48.35.45462","20220805"
"QN-AZQA-SQL-03","Microsoft .NET Core Host - 3.1.28 (x86)","24.112.31513","20220805"
"QN-AZQA-SQL-03","Microsoft .NET Host FX Resolver - 5.0.17 (x64)","40.68.31213","20220805"
"QN-AZQA-SQL-03","Microsoft .NET Core Host FX Resolver - 3.1.28 (x86)","24.112.31513","20220805"
"QN-AZQA-SQL-03","Microsoft .NET Host - 6.0.8 (x64)","48.35.45462","20220805"
"QN-AZQA-SQL-03","Microsoft .NET Core Runtime - 3.1.28 (x86)","24.112.31513","20220805"
"QN-AZQA-SQL-03","Microsoft .NET Host - 6.0.8 (x86)","48.35.45462","20220805"
"QN-AZQA-SQL-03","Microsoft .NET Core Host FX Resolver - 3.1.28 (x64)","24.112.31513","20220805"
"QN-AZQA-SQL-03","Microsoft .NET Host FX Resolver - 6.0.8 (x64)","48.35.45462","20220805"
"QN-AZQA-SQL-03","Microsoft .NET Host FX Resolver - 6.0.8 (x86)","48.35.45462","20220805"
"QN-AZQA-SQL-03","Microsoft .NET Runtime - 5.0.17 (x64)","40.68.31213","20220805"
"QN-AZQA-SQL-03","Microsoft .NET Host - 5.0.17 (x86)","40.68.31213","20220805"
"QN-AZQA-SQL-03","Microsoft .NET Runtime - 5.0.17 (x86)","40.68.31213","20220805"
"QN-AZQA-SQL-03","Microsoft .NET Host FX Resolver - 5.0.17 (x86)","40.68.31213","20220805"
"QN-AZQA-SQL-03","Microsoft .NET Runtime - 6.0.8 (x86)","48.35.45462","20220805"
"QN-AZQA-SQL-03","Microsoft .NET Core Runtime - 3.1.28 (x64)","24.112.31513","20220805"
"QN-AZQA-SQL-03","Microsoft .NET Host - 5.0.17 (x64)","40.68.31213","20220805"
"QN-AZQA-SQL-03","Microsoft .NET Core Host - 3.1.28 (x64)","24.112.31513","20220805"
"QN-AZQA-SQL-03","Microsoft .NET Runtime - 6.0.8 (x64)","48.35.45462","20220805"
"QN-AZQA-SQL-03","Microsoft .NET Core Host - 3.1.28 (x86)","24.112.31513","20220805"
"QN-AZQA-SQL-03","Microsoft .NET Host FX Resolver - 5.0.17 (x64)","40.68.31213","20220805"
"QN-AZQA-SQL-03","Microsoft .NET Core Host FX Resolver - 3.1.28 (x86)","24.112.31513","20220805"
"QN-AZQA-SQL-03","Microsoft .NET Host - 6.0.8 (x64)","48.35.45462","20220805"
"QN-AZQA-SQL-03","Microsoft .NET Core Runtime - 3.1.28 (x86)","24.112.31513","20220805"
"QN-AZQA-SQL-03","Microsoft .NET Host - 6.0.8 (x86)","48.35.45462","20220805"
"QN-AZQA-SQL-03","Microsoft .NET Core Host FX Resolver - 3.1.28 (x64)","24.112.31513","20220805"
"QN-AZQA-SQL-03","Microsoft .NET Host FX Resolver - 6.0.8 (x64)","48.35.45462","20220805"
"QN-AZQA-SQL-03","Microsoft .NET Host FX Resolver - 6.0.8 (x86)","48.35.45462","20220805"
"QN-AZQA-SQL-03","Microsoft .NET Runtime - 5.0.17 (x64)","40.68.31213","20220805"
"QN-AZQA-SQL-03","Microsoft .NET Host - 5.0.17 (x86)","40.68.31213","20220805"
"QN-AZQA-SQL-03","Microsoft .NET Runtime - 5.0.17 (x86)","40.68.31213","20220805"
"QN-AZQA-SQL-03","Microsoft .NET Host FX Resolver - 5.0.17 (x86)","40.68.31213","20220805"
"QN-AZQA-SQL-03","Microsoft .NET Runtime - 6.0.8 (x86)","48.35.45462","20220805"
"QN-AZQA-SQL-03","Microsoft .NET Core Runtime - 3.1.28 (x64)","24.112.31513","20220805"
"QN-AZQA-SQL-03","Microsoft .NET Host - 5.0.17 (x64)","40.68.31213","20220805"
"QN-AZQA-SQL-03","Microsoft .NET Core Host - 3.1.28 (x64)","24.112.31513","20220805"
"QN-AZQA-SQL-03","Microsoft .NET Runtime - 6.0.8 (x64)","48.35.45462","20220805"
"QN-AZQA-SQL-07","Microsoft .NET Framework 4 Multi-Targeting Pack","4.0.30319","20220902"
"QN-AZQA-SQL-07","Microsoft .NET Framework 4 Multi-Targeting Pack","4.0.30319","20220902"
"QN-AZQA-SQL-07","Microsoft .NET Framework 4 Multi-Targeting Pack","4.0.30319","20220902"
"QN-AZQA-SQL-07","Microsoft .NET Framework 4 Multi-Targeting Pack","4.0.30319","20220902"
"QN-AZQA-SQL-07","Microsoft .NET Framework 4 Multi-Targeting Pack","4.0.30319","20220902"
"QN-AZQA-SQL-10","Microsoft .NET Host - 6.0.16 (x64)","48.67.58427","20230505"
"QN-AZQA-SQL-10","Microsoft .NET Runtime - 6.0.16 (x64)","48.67.58427","20230505"
"QN-AZQA-SQL-10","Microsoft .NET Runtime - 6.0.16 (x86)","48.67.58427","20230505"
"QN-AZQA-SQL-10","Microsoft .NET Host - 6.0.16 (x86)","48.67.58427","20230505"
"QN-AZQA-SQL-10","Microsoft .NET Host FX Resolver - 6.0.16 (x64)","48.67.58427","20230505"
"QN-AZQA-SQL-10","Microsoft .NET Host FX Resolver - 6.0.16 (x86)","48.67.58427","20230505"
"QN-AZQA-SQL-10","Microsoft .NET Host - 6.0.16 (x64)","48.67.58427","20230505"
"QN-AZQA-SQL-10","Microsoft .NET Runtime - 6.0.16 (x64)","48.67.58427","20230505"
"QN-AZQA-SQL-10","Microsoft .NET Runtime - 6.0.16 (x86)","48.67.58427","20230505"
"QN-AZQA-SQL-10","Microsoft .NET Host - 6.0.16 (x86)","48.67.58427","20230505"
"QN-AZQA-SQL-10","Microsoft .NET Host FX Resolver - 6.0.16 (x64)","48.67.58427","20230505"
"QN-AZQA-SQL-10","Microsoft .NET Host FX Resolver - 6.0.16 (x86)","48.67.58427","20230505"
"QN-AZQA-SQL-10","Microsoft .NET Host - 6.0.16 (x64)","48.67.58427","20230505"
"QN-AZQA-SQL-10","Microsoft .NET Runtime - 6.0.16 (x64)","48.67.58427","20230505"
"QN-AZQA-SQL-10","Microsoft .NET Runtime - 6.0.16 (x86)","48.67.58427","20230505"
"QN-AZQA-SQL-10","Microsoft .NET Host - 6.0.16 (x86)","48.67.58427","20230505"
"QN-AZQA-SQL-10","Microsoft .NET Host FX Resolver - 6.0.16 (x64)","48.67.58427","20230505"
"QN-AZQA-SQL-10","Microsoft .NET Host FX Resolver - 6.0.16 (x86)","48.67.58427","20230505"
"QN-AZQA-SQL-10","Microsoft .NET Host - 6.0.16 (x64)","48.67.58427","20230505"
"QN-AZQA-SQL-10","Microsoft .NET Runtime - 6.0.16 (x64)","48.67.58427","20230505"
"QN-AZQA-SQL-10","Microsoft .NET Runtime - 6.0.16 (x86)","48.67.58427","20230505"
"QN-AZQA-SQL-10","Microsoft .NET Host - 6.0.16 (x86)","48.67.58427","20230505"
"QN-AZQA-SQL-10","Microsoft .NET Host FX Resolver - 6.0.16 (x64)","48.67.58427","20230505"
"QN-AZQA-SQL-10","Microsoft .NET Host FX Resolver - 6.0.16 (x86)","48.67.58427","20230505"
"QN-AZQA-SQL-10","Microsoft .NET Host - 6.0.16 (x64)","48.67.58427","20230505"
"QN-AZQA-SQL-10","Microsoft .NET Runtime - 6.0.16 (x64)","48.67.58427","20230505"
"QN-AZQA-SQL-10","Microsoft .NET Runtime - 6.0.16 (x86)","48.67.58427","20230505"
"QN-AZQA-SQL-10","Microsoft .NET Host - 6.0.16 (x86)","48.67.58427","20230505"
"QN-AZQA-SQL-10","Microsoft .NET Host FX Resolver - 6.0.16 (x64)","48.67.58427","20230505"
"QN-AZQA-SQL-10","Microsoft .NET Host FX Resolver - 6.0.16 (x86)","48.67.58427","20230505"
"QN-AZQA-SQL-10","Microsoft .NET Host - 6.0.16 (x64)","48.67.58427","20230505"
"QN-AZQA-SQL-10","Microsoft .NET Runtime - 6.0.16 (x64)","48.67.58427","20230505"
"QN-AZQA-SQL-10","Microsoft .NET Runtime - 6.0.16 (x86)","48.67.58427","20230505"
"QN-AZQA-SQL-10","Microsoft .NET Host - 6.0.16 (x86)","48.67.58427","20230505"
"QN-AZQA-SQL-10","Microsoft .NET Host FX Resolver - 6.0.16 (x64)","48.67.58427","20230505"
"QN-AZQA-SQL-10","Microsoft .NET Host FX Resolver - 6.0.16 (x86)","48.67.58427","20230505"
"QN-AZQA-SQL-10","Microsoft .NET Host - 6.0.16 (x64)","48.67.58427","20230505"
"QN-AZQA-SQL-10","Microsoft .NET Runtime - 6.0.16 (x64)","48.67.58427","20230505"
"QN-AZQA-SQL-10","Microsoft .NET Runtime - 6.0.16 (x86)","48.67.58427","20230505"
"QN-AZQA-SQL-10","Microsoft .NET Host - 6.0.16 (x86)","48.67.58427","20230505"
"QN-AZQA-SQL-10","Microsoft .NET Host FX Resolver - 6.0.16 (x64)","48.67.58427","20230505"
"QN-AZQA-SQL-10","Microsoft .NET Host FX Resolver - 6.0.16 (x86)","48.67.58427","20230505"
"QN-AZQA-SQL-10","Microsoft .NET Host - 6.0.16 (x64)","48.67.58427","20230505"
"QN-AZQA-SQL-10","Microsoft .NET Runtime - 6.0.16 (x64)","48.67.58427","20230505"
"QN-AZQA-SQL-10","Microsoft .NET Runtime - 6.0.16 (x86)","48.67.58427","20230505"
"QN-AZQA-SQL-10","Microsoft .NET Host - 6.0.16 (x86)","48.67.58427","20230505"
"QN-AZQA-SQL-10","Microsoft .NET Host FX Resolver - 6.0.16 (x64)","48.67.58427","20230505"
"QN-AZQA-SQL-10","Microsoft .NET Host FX Resolver - 6.0.16 (x86)","48.67.58427","20230505"
"QN-AZQA-SQL-10","Microsoft .NET Host - 6.0.16 (x64)","48.67.58427","20230505"
"QN-AZQA-SQL-10","Microsoft .NET Runtime - 6.0.16 (x64)","48.67.58427","20230505"
"QN-AZQA-SQL-10","Microsoft .NET Runtime - 6.0.16 (x86)","48.67.58427","20230505"
"QN-AZQA-SQL-10","Microsoft .NET Host - 6.0.16 (x86)","48.67.58427","20230505"
"QN-AZQA-SQL-10","Microsoft .NET Host FX Resolver - 6.0.16 (x64)","48.67.58427","20230505"
"QN-AZQA-SQL-10","Microsoft .NET Host FX Resolver - 6.0.16 (x86)","48.67.58427","20230505"
"QN-AZQA-SQL-11","Microsoft .NET Runtime - 6.0.23 (x64)","48.92.2594","20231006"
"QN-AZQA-SQL-11","Microsoft .NET Host FX Resolver - 6.0.23 (x64)","48.92.2594","20231006"
"QN-AZQA-SQL-11","Microsoft .NET Host FX Resolver - 6.0.23 (x86)","48.92.2594","20231006"
"QN-AZQA-SQL-11","Microsoft .NET Host - 6.0.23 (x64)","48.92.2594","20231006"
"QN-AZQA-SQL-11","Microsoft .NET Runtime - 6.0.23 (x86)","48.92.2594","20231006"
"QN-AZQA-SQL-11","Microsoft .NET Host - 6.0.23 (x86)","48.92.2594","20231006"
"QN-AZQA-SQL-11","Microsoft .NET Runtime - 6.0.23 (x64)","48.92.2594","20231006"
"QN-AZQA-SQL-11","Microsoft .NET Host FX Resolver - 6.0.23 (x64)","48.92.2594","20231006"
"QN-AZQA-SQL-11","Microsoft .NET Host FX Resolver - 6.0.23 (x86)","48.92.2594","20231006"
"QN-AZQA-SQL-11","Microsoft .NET Host - 6.0.23 (x64)","48.92.2594","20231006"
"QN-AZQA-SQL-11","Microsoft .NET Runtime - 6.0.23 (x86)","48.92.2594","20231006"
"QN-AZQA-SQL-11","Microsoft .NET Host - 6.0.23 (x86)","48.92.2594","20231006"
"QN-AZQA-SQL-11","Microsoft .NET Runtime - 6.0.23 (x64)","48.92.2594","20231006"
"QN-AZQA-SQL-11","Microsoft .NET Host FX Resolver - 6.0.23 (x64)","48.92.2594","20231006"
"QN-AZQA-SQL-11","Microsoft .NET Host FX Resolver - 6.0.23 (x86)","48.92.2594","20231006"
"QN-AZQA-SQL-11","Microsoft .NET Host - 6.0.23 (x64)","48.92.2594","20231006"
"QN-AZQA-SQL-11","Microsoft .NET Runtime - 6.0.23 (x86)","48.92.2594","20231006"
"QN-AZQA-SQL-11","Microsoft .NET Host - 6.0.23 (x86)","48.92.2594","20231006"
"QN-AZQA-SQL-11","Microsoft .NET Runtime - 6.0.23 (x64)","48.92.2594","20231006"
"QN-AZQA-SQL-11","Microsoft .NET Host FX Resolver - 6.0.23 (x64)","48.92.2594","20231006"
"QN-AZQA-SQL-11","Microsoft .NET Host FX Resolver - 6.0.23 (x86)","48.92.2594","20231006"
"QN-AZQA-SQL-11","Microsoft .NET Host - 6.0.23 (x64)","48.92.2594","20231006"
"QN-AZQA-SQL-11","Microsoft .NET Runtime - 6.0.23 (x86)","48.92.2594","20231006"
"QN-AZQA-SQL-11","Microsoft .NET Host - 6.0.23 (x86)","48.92.2594","20231006"
"QN-AZQA-SQL-11","Microsoft .NET Runtime - 6.0.23 (x64)","48.92.2594","20231006"
"QN-AZQA-SQL-11","Microsoft .NET Host FX Resolver - 6.0.23 (x64)","48.92.2594","20231006"
"QN-AZQA-SQL-11","Microsoft .NET Host FX Resolver - 6.0.23 (x86)","48.92.2594","20231006"
"QN-AZQA-SQL-11","Microsoft .NET Host - 6.0.23 (x64)","48.92.2594","20231006"
"QN-AZQA-SQL-11","Microsoft .NET Runtime - 6.0.23 (x86)","48.92.2594","20231006"
"QN-AZQA-SQL-11","Microsoft .NET Host - 6.0.23 (x86)","48.92.2594","20231006"
"QN-AZQA-SQL-13","Microsoft .NET Runtime - 6.0.37 (x64)","48.148.26199","20250409"
"QN-AZQA-SQL-13","Microsoft .NET Host FX Resolver - 6.0.37 (x86)","48.148.26199","20250409"
"QN-AZQA-SQL-13","Microsoft .NET Host - 6.0.37 (x64)","48.148.26199","20250409"
"QN-AZQA-SQL-13","Microsoft .NET Runtime - 6.0.37 (x86)","48.148.26199","20250409"
"QN-AZQA-SQL-13","Microsoft .NET Host FX Resolver - 6.0.37 (x64)","48.148.26199","20250409"
"QN-AZQA-SQL-13","Microsoft .NET Host - 6.0.37 (x86)","48.148.26199","20250409"
"QN-AZQA-SQL-13","Microsoft .NET Runtime - 6.0.37 (x64)","48.148.26199","20250409"
"QN-AZQA-SQL-13","Microsoft .NET Host FX Resolver - 6.0.37 (x86)","48.148.26199","20250409"
"QN-AZQA-SQL-13","Microsoft .NET Host - 6.0.37 (x64)","48.148.26199","20250409"
"QN-AZQA-SQL-13","Microsoft .NET Runtime - 6.0.37 (x86)","48.148.26199","20250409"
"QN-AZQA-SQL-13","Microsoft .NET Host FX Resolver - 6.0.37 (x64)","48.148.26199","20250409"
"QN-AZQA-SQL-13","Microsoft .NET Host - 6.0.37 (x86)","48.148.26199","20250409"
"QN-AZQA-SQL-13","Microsoft .NET Runtime - 6.0.37 (x64)","48.148.26199","20250409"
"QN-AZQA-SQL-13","Microsoft .NET Host FX Resolver - 6.0.37 (x86)","48.148.26199","20250409"
"QN-AZQA-SQL-13","Microsoft .NET Host - 6.0.37 (x64)","48.148.26199","20250409"
"QN-AZQA-SQL-13","Microsoft .NET Runtime - 6.0.37 (x86)","48.148.26199","20250409"
"QN-AZQA-SQL-13","Microsoft .NET Host FX Resolver - 6.0.37 (x64)","48.148.26199","20250409"
"QN-AZQA-SQL-13","Microsoft .NET Host - 6.0.37 (x86)","48.148.26199","20250409"
"QN-AZQA-SQL-13","Microsoft .NET Runtime - 6.0.37 (x64)","48.148.26199","20250409"
"QN-AZQA-SQL-13","Microsoft .NET Host FX Resolver - 6.0.37 (x86)","48.148.26199","20250409"
"QN-AZQA-SQL-13","Microsoft .NET Host - 6.0.37 (x64)","48.148.26199","20250409"
"QN-AZQA-SQL-13","Microsoft .NET Runtime - 6.0.37 (x86)","48.148.26199","20250409"
"QN-AZQA-SQL-13","Microsoft .NET Host FX Resolver - 6.0.37 (x64)","48.148.26199","20250409"
"QN-AZQA-SQL-13","Microsoft .NET Host - 6.0.37 (x86)","48.148.26199","20250409"
"QN-AZQA-SQL-13","Microsoft .NET Runtime - 6.0.37 (x64)","48.148.26199","20250409"
"QN-AZQA-SQL-13","Microsoft .NET Host FX Resolver - 6.0.37 (x86)","48.148.26199","20250409"
"QN-AZQA-SQL-13","Microsoft .NET Host - 6.0.37 (x64)","48.148.26199","20250409"
"QN-AZQA-SQL-13","Microsoft .NET Runtime - 6.0.37 (x86)","48.148.26199","20250409"
"QN-AZQA-SQL-13","Microsoft .NET Host FX Resolver - 6.0.37 (x64)","48.148.26199","20250409"
"QN-AZQA-SQL-13","Microsoft .NET Host - 6.0.37 (x86)","48.148.26199","20250409"
"QN-AZQA-TPT-07","Microsoft .NET Host - 6.0.20 (x64)","48.83.63169","20230707"
"QN-AZQA-TPT-07","Microsoft .NET Runtime - 6.0.20 (x86)","48.83.63169","20230707"
"QN-AZQA-TPT-07","Microsoft .NET Host - 6.0.20 (x86)","48.83.63169","20230707"
"QN-AZQA-TPT-07","Microsoft .NET Runtime - 6.0.20 (x64)","48.83.63169","20230707"
"QN-AZQA-TPT-07","Microsoft .NET Host FX Resolver - 6.0.20 (x86)","48.83.63169","20230707"
"QN-AZQA-TPT-07","Microsoft .NET Host FX Resolver - 6.0.20 (x64)","48.83.63169","20230707"
"QN-AZQA-TPT-07","Microsoft .NET Host - 6.0.20 (x64)","48.83.63169","20230707"
"QN-AZQA-TPT-07","Microsoft .NET Runtime - 6.0.20 (x86)","48.83.63169","20230707"
"QN-AZQA-TPT-07","Microsoft .NET Host - 6.0.20 (x86)","48.83.63169","20230707"
"QN-AZQA-TPT-07","Microsoft .NET Runtime - 6.0.20 (x64)","48.83.63169","20230707"
"QN-AZQA-TPT-07","Microsoft .NET Host FX Resolver - 6.0.20 (x86)","48.83.63169","20230707"
"QN-AZQA-TPT-07","Microsoft .NET Host FX Resolver - 6.0.20 (x64)","48.83.63169","20230707"
"QN-AZQA-TPT-08","Microsoft .NET Runtime - 6.0.27 (x64)","48.108.8828","20240206"
"QN-AZQA-TPT-08","Microsoft .NET Host FX Resolver - 6.0.27 (x86)","48.108.8828","20240206"
"QN-AZQA-TPT-08","Microsoft .NET Host FX Resolver - 6.0.27 (x64)","48.108.8828","20240206"
"QN-AZQA-TPT-08","Microsoft .NET Runtime - 6.0.27 (x86)","48.108.8828","20240206"
"QN-AZQA-TPT-08","Microsoft .NET Host - 6.0.27 (x86)","48.108.8828","20240206"
"QN-AZQA-TPT-08","Microsoft .NET Host - 6.0.27 (x64)","48.108.8828","20240206"
"QN-AZQA-TPT-08","Microsoft .NET Runtime - 6.0.27 (x64)","48.108.8828","20240206"
"QN-AZQA-TPT-08","Microsoft .NET Host FX Resolver - 6.0.27 (x86)","48.108.8828","20240206"
"QN-AZQA-TPT-08","Microsoft .NET Host FX Resolver - 6.0.27 (x64)","48.108.8828","20240206"
"QN-AZQA-TPT-08","Microsoft .NET Runtime - 6.0.27 (x86)","48.108.8828","20240206"
"QN-AZQA-TPT-08","Microsoft .NET Host - 6.0.27 (x86)","48.108.8828","20240206"
"QN-AZQA-TPT-08","Microsoft .NET Host - 6.0.27 (x64)","48.108.8828","20240206"
"QN-AZQA200-APP1","Microsoft .NET Runtime - 6.0.29 (x64)","48.116.12053","20240424"
"QN-AZQA200-APP1","Microsoft .NET Host - 8.0.14 (x64)","64.56.29490","20250403"
"QN-AZQA200-APP1","Microsoft .NET Core SDK Uninstall Tool (x86)","4.80.595","20220629"
"QN-AZQA200-APP1","Microsoft .NET Runtime - 8.0.14 (x64)","64.56.29490","20250403"
"QN-AZQA200-APP1","Microsoft .NET Host FX Resolver - 6.0.29 (x64)","48.116.12053","20240424"
"QN-AZQA200-APP1","Microsoft .NET Host - 8.0.14 (x86)","64.56.29490","20250403"
"QN-AZQA200-APP1","Microsoft .NET Runtime - 8.0.14 (x86)","64.56.29490","20250403"
"QN-AZQA200-APP1","Microsoft .NET Host FX Resolver - 8.0.14 (x64)","64.56.29490","20250403"
"QN-AZQA200-APP1","Microsoft .NET Host - 6.0.29 (x64)","48.116.12053","20240424"
"QN-AZQA200-APP1","Microsoft .NET Host FX Resolver - 8.0.14 (x86)","64.56.29490","20250403"
"QN-AZQA200-APP1","Microsoft .NET Runtime - 6.0.29 (x64)","48.116.12053","20240424"
"QN-AZQA200-APP1","Microsoft .NET Host - 8.0.14 (x64)","64.56.29490","20250403"
"QN-AZQA200-APP1","Microsoft .NET Core SDK Uninstall Tool (x86)","4.80.595","20220629"
"QN-AZQA200-APP1","Microsoft .NET Runtime - 8.0.14 (x64)","64.56.29490","20250403"
"QN-AZQA200-APP1","Microsoft .NET Host FX Resolver - 6.0.29 (x64)","48.116.12053","20240424"
"QN-AZQA200-APP1","Microsoft .NET Host - 8.0.14 (x86)","64.56.29490","20250403"
"QN-AZQA200-APP1","Microsoft .NET Runtime - 8.0.14 (x86)","64.56.29490","20250403"
"QN-AZQA200-APP1","Microsoft .NET Host FX Resolver - 8.0.14 (x64)","64.56.29490","20250403"
"QN-AZQA200-APP1","Microsoft .NET Host - 6.0.29 (x64)","48.116.12053","20240424"
"QN-AZQA200-APP1","Microsoft .NET Host FX Resolver - 8.0.14 (x86)","64.56.29490","20250403"
"QN-AZQA200-BIZ1","Microsoft .NET Host - 8.0.14 (x64)","64.56.29490","20250404"
"QN-AZQA200-BIZ1","Microsoft .NET Runtime - 8.0.14 (x64)","64.56.29490","20250404"
"QN-AZQA200-BIZ1","Microsoft .NET Host - 8.0.14 (x86)","64.56.29490","20250404"
"QN-AZQA200-BIZ1","Microsoft .NET Runtime - 8.0.14 (x86)","64.56.29490","20250404"
"QN-AZQA200-BIZ1","Microsoft .NET Host FX Resolver - 8.0.14 (x64)","64.56.29490","20250404"
"QN-AZQA200-BIZ1","Microsoft .NET Host FX Resolver - 8.0.14 (x86)","64.56.29490","20250404"
"QN-AZQA200-BIZ1","Microsoft .NET Host - 8.0.14 (x64)","64.56.29490","20250404"
"QN-AZQA200-BIZ1","Microsoft .NET Runtime - 8.0.14 (x64)","64.56.29490","20250404"
"QN-AZQA200-BIZ1","Microsoft .NET Host - 8.0.14 (x86)","64.56.29490","20250404"
"QN-AZQA200-BIZ1","Microsoft .NET Runtime - 8.0.14 (x86)","64.56.29490","20250404"
"QN-AZQA200-BIZ1","Microsoft .NET Host FX Resolver - 8.0.14 (x64)","64.56.29490","20250404"
"QN-AZQA200-BIZ1","Microsoft .NET Host FX Resolver - 8.0.14 (x86)","64.56.29490","20250404"
"QN-AZQA200-HUB1","Microsoft .NET Host - 8.0.14 (x64)","64.56.29490","20250403"
"QN-AZQA200-HUB1","Microsoft .NET Core SDK Uninstall Tool (x86)","4.80.595","20220629"
"QN-AZQA200-HUB1","Microsoft .NET Runtime - 8.0.14 (x64)","64.56.29490","20250403"
"QN-AZQA200-HUB1","Microsoft .NET Host - 8.0.14 (x86)","64.56.29490","20250403"
"QN-AZQA200-HUB1","Microsoft .NET Runtime - 8.0.14 (x86)","64.56.29490","20250403"
"QN-AZQA200-HUB1","Microsoft .NET Host FX Resolver - 8.0.14 (x64)","64.56.29490","20250403"
"QN-AZQA200-HUB1","Microsoft .NET Host FX Resolver - 8.0.14 (x86)","64.56.29490","20250403"
"QN-AZQA200-HUB1","Microsoft .NET Host - 8.0.14 (x64)","64.56.29490","20250403"
"QN-AZQA200-HUB1","Microsoft .NET Core SDK Uninstall Tool (x86)","4.80.595","20220629"
"QN-AZQA200-HUB1","Microsoft .NET Runtime - 8.0.14 (x64)","64.56.29490","20250403"
"QN-AZQA200-HUB1","Microsoft .NET Host - 8.0.14 (x86)","64.56.29490","20250403"
"QN-AZQA200-HUB1","Microsoft .NET Runtime - 8.0.14 (x86)","64.56.29490","20250403"
"QN-AZQA200-HUB1","Microsoft .NET Host FX Resolver - 8.0.14 (x64)","64.56.29490","20250403"
"QN-AZQA200-HUB1","Microsoft .NET Host FX Resolver - 8.0.14 (x86)","64.56.29490","20250403"
"QN-AZQA200-MYQ2","Microsoft .NET Host - 8.0.14 (x64)","64.56.29490","20250404"
"QN-AZQA200-MYQ2","Microsoft .NET Core SDK Uninstall Tool (x86)","4.80.595","20220705"
"QN-AZQA200-MYQ2","Microsoft .NET Runtime - 8.0.14 (x64)","64.56.29490","20250404"
"QN-AZQA200-MYQ2","Microsoft .NET Host - 8.0.14 (x86)","64.56.29490","20250404"
"QN-AZQA200-MYQ2","Microsoft .NET Runtime - 8.0.14 (x86)","64.56.29490","20250404"
"QN-AZQA200-MYQ2","Microsoft .NET Host FX Resolver - 8.0.14 (x64)","64.56.29490","20250404"
"QN-AZQA200-MYQ2","Microsoft .NET Host FX Resolver - 8.0.14 (x86)","64.56.29490","20250404"
"QN-AZQA200-MYQ2","Microsoft .NET Host - 8.0.14 (x64)","64.56.29490","20250404"
"QN-AZQA200-MYQ2","Microsoft .NET Core SDK Uninstall Tool (x86)","4.80.595","20220705"
"QN-AZQA200-MYQ2","Microsoft .NET Runtime - 8.0.14 (x64)","64.56.29490","20250404"
"QN-AZQA200-MYQ2","Microsoft .NET Host - 8.0.14 (x86)","64.56.29490","20250404"
"QN-AZQA200-MYQ2","Microsoft .NET Runtime - 8.0.14 (x86)","64.56.29490","20250404"
"QN-AZQA200-MYQ2","Microsoft .NET Host FX Resolver - 8.0.14 (x64)","64.56.29490","20250404"
"QN-AZQA200-MYQ2","Microsoft .NET Host FX Resolver - 8.0.14 (x86)","64.56.29490","20250404"
"QN-AZQA206-APP1","Microsoft .NET Host - 8.0.14 (x64)","64.56.29490","20250407"
"QN-AZQA206-APP1","Microsoft .NET Core SDK Uninstall Tool (x86)","4.80.595","20220629"
"QN-AZQA206-APP1","Microsoft .NET Runtime - 8.0.14 (x64)","64.56.29490","20250407"
"QN-AZQA206-APP1","Microsoft .NET Host - 8.0.14 (x86)","64.56.29490","20250407"
"QN-AZQA206-APP1","Microsoft .NET Runtime - 8.0.14 (x86)","64.56.29490","20250407"
"QN-AZQA206-APP1","Microsoft .NET Host FX Resolver - 8.0.14 (x64)","64.56.29490","20250407"
"QN-AZQA206-APP1","Microsoft .NET Host FX Resolver - 8.0.14 (x86)","64.56.29490","20250407"
"QN-AZQA206-APP1","Microsoft .NET Host - 8.0.14 (x64)","64.56.29490","20250407"
"QN-AZQA206-APP1","Microsoft .NET Core SDK Uninstall Tool (x86)","4.80.595","20220629"
"QN-AZQA206-APP1","Microsoft .NET Runtime - 8.0.14 (x64)","64.56.29490","20250407"
"QN-AZQA206-APP1","Microsoft .NET Host - 8.0.14 (x86)","64.56.29490","20250407"
"QN-AZQA206-APP1","Microsoft .NET Runtime - 8.0.14 (x86)","64.56.29490","20250407"
"QN-AZQA206-APP1","Microsoft .NET Host FX Resolver - 8.0.14 (x64)","64.56.29490","20250407"
"QN-AZQA206-APP1","Microsoft .NET Host FX Resolver - 8.0.14 (x86)","64.56.29490","20250407"
"QN-AZQA206-BIZ1","Microsoft .NET Host - 8.0.14 (x64)","64.56.29490","20250407"
"QN-AZQA206-BIZ1","Microsoft .NET Runtime - 8.0.14 (x64)","64.56.29490","20250407"
"QN-AZQA206-BIZ1","Microsoft .NET Host - 8.0.14 (x86)","64.56.29490","20250407"
"QN-AZQA206-BIZ1","Microsoft .NET Runtime - 8.0.14 (x86)","64.56.29490","20250407"
"QN-AZQA206-BIZ1","Microsoft .NET Host FX Resolver - 8.0.14 (x64)","64.56.29490","20250407"
"QN-AZQA206-BIZ1","Microsoft .NET Host FX Resolver - 8.0.14 (x86)","64.56.29490","20250407"
"QN-AZQA206-BIZ1","Microsoft .NET Host - 8.0.14 (x64)","64.56.29490","20250407"
"QN-AZQA206-BIZ1","Microsoft .NET Runtime - 8.0.14 (x64)","64.56.29490","20250407"
"QN-AZQA206-BIZ1","Microsoft .NET Host - 8.0.14 (x86)","64.56.29490","20250407"
"QN-AZQA206-BIZ1","Microsoft .NET Runtime - 8.0.14 (x86)","64.56.29490","20250407"
"QN-AZQA206-BIZ1","Microsoft .NET Host FX Resolver - 8.0.14 (x64)","64.56.29490","20250407"
"QN-AZQA206-BIZ1","Microsoft .NET Host FX Resolver - 8.0.14 (x86)","64.56.29490","20250407"
"QN-AZQA206-HUB1","Microsoft .NET Host - 8.0.14 (x64)","64.56.29490","20250407"
"QN-AZQA206-HUB1","Microsoft .NET Core SDK Uninstall Tool (x86)","4.80.595","20220629"
"QN-AZQA206-HUB1","Microsoft .NET Runtime - 8.0.14 (x64)","64.56.29490","20250407"
"QN-AZQA206-HUB1","Microsoft .NET Host - 8.0.14 (x86)","64.56.29490","20250407"
"QN-AZQA206-HUB1","Microsoft .NET Runtime - 8.0.14 (x86)","64.56.29490","20250407"
"QN-AZQA206-HUB1","Microsoft .NET Host FX Resolver - 8.0.14 (x64)","64.56.29490","20250407"
"QN-AZQA206-HUB1","Microsoft .NET Host FX Resolver - 8.0.14 (x86)","64.56.29490","20250407"
"QN-AZQA206-HUB1","Microsoft .NET Host - 8.0.14 (x64)","64.56.29490","20250407"
"QN-AZQA206-HUB1","Microsoft .NET Core SDK Uninstall Tool (x86)","4.80.595","20220629"
"QN-AZQA206-HUB1","Microsoft .NET Runtime - 8.0.14 (x64)","64.56.29490","20250407"
"QN-AZQA206-HUB1","Microsoft .NET Host - 8.0.14 (x86)","64.56.29490","20250407"
"QN-AZQA206-HUB1","Microsoft .NET Runtime - 8.0.14 (x86)","64.56.29490","20250407"
"QN-AZQA206-HUB1","Microsoft .NET Host FX Resolver - 8.0.14 (x64)","64.56.29490","20250407"
"QN-AZQA206-HUB1","Microsoft .NET Host FX Resolver - 8.0.14 (x86)","64.56.29490","20250407"
"QN-AZQA210-APP1","ERROR","N/A","N/A"
"QN-AZQA210-APP1","ERROR","N/A","N/A"
"QN-AZQA210-BIZ1","ERROR","N/A","N/A"
"QN-AZQA210-BIZ1","ERROR","N/A","N/A"
"QN-AZQA210-HUB1","ERROR","N/A","N/A"
"QN-AZQA210-HUB1","ERROR","N/A","N/A"
"QN-AZQA210-MYQ1","ERROR","N/A","N/A"
"QN-AZQA210-MYQ1","ERROR","N/A","N/A"
"QN-AZQA213-APP1","Microsoft .NET Host FX Resolver - 6.0.15 (x86)","48.63.56695","20231211"
"QN-AZQA213-APP1","Microsoft .NET Host - 8.0.14 (x64)","64.56.29490","20250404"
"QN-AZQA213-APP1","Microsoft .NET Runtime - 6.0.15 (x64)","48.63.56695","20231211"
"QN-AZQA213-APP1","Microsoft .NET Core SDK Uninstall Tool (x86)","4.80.595","20220629"
"QN-AZQA213-APP1","Microsoft .NET Host FX Resolver - 6.0.15 (x64)","48.63.56695","20231211"
"QN-AZQA213-APP1","Microsoft .NET Runtime - 8.0.14 (x64)","64.56.29490","20250404"
"QN-AZQA213-APP1","Microsoft .NET Host - 8.0.14 (x86)","64.56.29490","20250404"
"QN-AZQA213-APP1","Microsoft .NET Runtime - 8.0.14 (x86)","64.56.29490","20250404"
"QN-AZQA213-APP1","Microsoft .NET Host FX Resolver - 8.0.14 (x64)","64.56.29490","20250404"
"QN-AZQA213-APP1","Microsoft .NET Host - 6.0.15 (x86)","48.63.56695","20231211"
"QN-AZQA213-APP1","Microsoft .NET Runtime - 6.0.15 (x86)","48.63.56695","20231211"
"QN-AZQA213-APP1","Microsoft .NET Host - 6.0.15 (x64)","48.63.56695","20231211"
"QN-AZQA213-APP1","Microsoft .NET Host FX Resolver - 8.0.14 (x86)","64.56.29490","20250404"
"QN-AZQA213-APP1","Microsoft .NET Host FX Resolver - 6.0.15 (x86)","48.63.56695","20231211"
"QN-AZQA213-APP1","Microsoft .NET Host - 8.0.14 (x64)","64.56.29490","20250404"
"QN-AZQA213-APP1","Microsoft .NET Runtime - 6.0.15 (x64)","48.63.56695","20231211"
"QN-AZQA213-APP1","Microsoft .NET Core SDK Uninstall Tool (x86)","4.80.595","20220629"
"QN-AZQA213-APP1","Microsoft .NET Host FX Resolver - 6.0.15 (x64)","48.63.56695","20231211"
"QN-AZQA213-APP1","Microsoft .NET Runtime - 8.0.14 (x64)","64.56.29490","20250404"
"QN-AZQA213-APP1","Microsoft .NET Host - 8.0.14 (x86)","64.56.29490","20250404"
"QN-AZQA213-APP1","Microsoft .NET Runtime - 8.0.14 (x86)","64.56.29490","20250404"
"QN-AZQA213-APP1","Microsoft .NET Host FX Resolver - 8.0.14 (x64)","64.56.29490","20250404"
"QN-AZQA213-APP1","Microsoft .NET Host - 6.0.15 (x86)","48.63.56695","20231211"
"QN-AZQA213-APP1","Microsoft .NET Runtime - 6.0.15 (x86)","48.63.56695","20231211"
"QN-AZQA213-APP1","Microsoft .NET Host - 6.0.15 (x64)","48.63.56695","20231211"
"QN-AZQA213-APP1","Microsoft .NET Host FX Resolver - 8.0.14 (x86)","64.56.29490","20250404"
"QN-AZQA213-BIZ1","Microsoft .NET Host FX Resolver - 6.0.15 (x86)","48.63.56695","20231211"
"QN-AZQA213-BIZ1","Microsoft .NET Host - 8.0.14 (x64)","64.56.29490","20250404"
"QN-AZQA213-BIZ1","Microsoft .NET Runtime - 6.0.15 (x64)","48.63.56695","20231211"
"QN-AZQA213-BIZ1","Microsoft .NET Host FX Resolver - 6.0.15 (x64)","48.63.56695","20231211"
"QN-AZQA213-BIZ1","Microsoft .NET Runtime - 8.0.14 (x64)","64.56.29490","20250404"
"QN-AZQA213-BIZ1","Microsoft .NET Host - 8.0.14 (x86)","64.56.29490","20250404"
"QN-AZQA213-BIZ1","Microsoft .NET Runtime - 8.0.14 (x86)","64.56.29490","20250404"
"QN-AZQA213-BIZ1","Microsoft .NET Host FX Resolver - 8.0.14 (x64)","64.56.29490","20250404"
"QN-AZQA213-BIZ1","Microsoft .NET Host - 6.0.15 (x86)","48.63.56695","20231211"
"QN-AZQA213-BIZ1","Microsoft .NET Runtime - 6.0.15 (x86)","48.63.56695","20231211"
"QN-AZQA213-BIZ1","Microsoft .NET Host - 6.0.15 (x64)","48.63.56695","20231211"
"QN-AZQA213-BIZ1","Microsoft .NET Host FX Resolver - 8.0.14 (x86)","64.56.29490","20250404"
"QN-AZQA213-BIZ1","Microsoft .NET Host FX Resolver - 6.0.15 (x86)","48.63.56695","20231211"
"QN-AZQA213-BIZ1","Microsoft .NET Host - 8.0.14 (x64)","64.56.29490","20250404"
"QN-AZQA213-BIZ1","Microsoft .NET Runtime - 6.0.15 (x64)","48.63.56695","20231211"
"QN-AZQA213-BIZ1","Microsoft .NET Host FX Resolver - 6.0.15 (x64)","48.63.56695","20231211"
"QN-AZQA213-BIZ1","Microsoft .NET Runtime - 8.0.14 (x64)","64.56.29490","20250404"
"QN-AZQA213-BIZ1","Microsoft .NET Host - 8.0.14 (x86)","64.56.29490","20250404"
"QN-AZQA213-BIZ1","Microsoft .NET Runtime - 8.0.14 (x86)","64.56.29490","20250404"
"QN-AZQA213-BIZ1","Microsoft .NET Host FX Resolver - 8.0.14 (x64)","64.56.29490","20250404"
"QN-AZQA213-BIZ1","Microsoft .NET Host - 6.0.15 (x86)","48.63.56695","20231211"
"QN-AZQA213-BIZ1","Microsoft .NET Runtime - 6.0.15 (x86)","48.63.56695","20231211"
"QN-AZQA213-BIZ1","Microsoft .NET Host - 6.0.15 (x64)","48.63.56695","20231211"
"QN-AZQA213-BIZ1","Microsoft .NET Host FX Resolver - 8.0.14 (x86)","64.56.29490","20250404"
"QN-AZQA213-HUB1","Microsoft .NET Host FX Resolver - 6.0.15 (x86)","48.63.56695","20240916"
"QN-AZQA213-HUB1","Microsoft .NET Host - 8.0.14 (x64)","64.56.29490","20250404"
"QN-AZQA213-HUB1","Microsoft .NET Runtime - 6.0.15 (x64)","48.63.56695","20240916"
"QN-AZQA213-HUB1","Microsoft .NET Core SDK Uninstall Tool (x86)","4.80.595","20220629"
"QN-AZQA213-HUB1","Microsoft .NET Host FX Resolver - 6.0.15 (x64)","48.63.56695","20240916"
"QN-AZQA213-HUB1","Microsoft .NET Runtime - 8.0.14 (x64)","64.56.29490","20250404"
"QN-AZQA213-HUB1","Microsoft .NET Host - 8.0.14 (x86)","64.56.29490","20250404"
"QN-AZQA213-HUB1","Microsoft .NET Runtime - 8.0.14 (x86)","64.56.29490","20250404"
"QN-AZQA213-HUB1","Microsoft .NET Host FX Resolver - 8.0.14 (x64)","64.56.29490","20250404"
"QN-AZQA213-HUB1","Microsoft .NET Host - 6.0.15 (x86)","48.63.56695","20240916"
"QN-AZQA213-HUB1","Microsoft .NET Runtime - 6.0.15 (x86)","48.63.56695","20240916"
"QN-AZQA213-HUB1","Microsoft .NET Host - 6.0.15 (x64)","48.63.56695","20240916"
"QN-AZQA213-HUB1","Microsoft .NET Host FX Resolver - 8.0.14 (x86)","64.56.29490","20250404"
"QN-AZQA213-HUB1","Microsoft .NET Host FX Resolver - 6.0.15 (x86)","48.63.56695","20240916"
"QN-AZQA213-HUB1","Microsoft .NET Host - 8.0.14 (x64)","64.56.29490","20250404"
"QN-AZQA213-HUB1","Microsoft .NET Runtime - 6.0.15 (x64)","48.63.56695","20240916"
"QN-AZQA213-HUB1","Microsoft .NET Core SDK Uninstall Tool (x86)","4.80.595","20220629"
"QN-AZQA213-HUB1","Microsoft .NET Host FX Resolver - 6.0.15 (x64)","48.63.56695","20240916"
"QN-AZQA213-HUB1","Microsoft .NET Runtime - 8.0.14 (x64)","64.56.29490","20250404"
"QN-AZQA213-HUB1","Microsoft .NET Host - 8.0.14 (x86)","64.56.29490","20250404"
"QN-AZQA213-HUB1","Microsoft .NET Runtime - 8.0.14 (x86)","64.56.29490","20250404"
"QN-AZQA213-HUB1","Microsoft .NET Host FX Resolver - 8.0.14 (x64)","64.56.29490","20250404"
"QN-AZQA213-HUB1","Microsoft .NET Host - 6.0.15 (x86)","48.63.56695","20240916"
"QN-AZQA213-HUB1","Microsoft .NET Runtime - 6.0.15 (x86)","48.63.56695","20240916"
"QN-AZQA213-HUB1","Microsoft .NET Host - 6.0.15 (x64)","48.63.56695","20240916"
"QN-AZQA213-HUB1","Microsoft .NET Host FX Resolver - 8.0.14 (x86)","64.56.29490","20250404"
"QN-AZQA213-MYQ3","Microsoft .NET Core Runtime - 3.1.21 (x64)","24.84.30622","20220705"
"QN-AZQA213-MYQ3","Microsoft .NET Host FX Resolver - 6.0.15 (x86)","48.63.56695","20240912"
"QN-AZQA213-MYQ3","Microsoft .NET Host - 8.0.14 (x64)","64.56.29490","20250407"
"QN-AZQA213-MYQ3","Microsoft .NET Runtime - 6.0.15 (x64)","48.63.56695","20240912"
"QN-AZQA213-MYQ3","Microsoft .NET Core SDK Uninstall Tool (x86)","4.80.595","20220705"
"QN-AZQA213-MYQ3","Microsoft .NET Host FX Resolver - 6.0.15 (x64)","48.63.56695","20240912"
"QN-AZQA213-MYQ3","Microsoft .NET Runtime - 8.0.14 (x64)","64.56.29490","20250407"
"QN-AZQA213-MYQ3","Microsoft .NET Core Host - 3.1.21 (x64)","24.84.30622","20220705"
"QN-AZQA213-MYQ3","Microsoft .NET Core Host FX Resolver - 3.1.21 (x86)","24.84.30622","20220705"
"QN-AZQA213-MYQ3","Microsoft .NET Host - 8.0.14 (x86)","64.56.29490","20250407"
"QN-AZQA213-MYQ3","Microsoft .NET Runtime - 8.0.14 (x86)","64.56.29490","20250407"
"QN-AZQA213-MYQ3","Microsoft .NET Host FX Resolver - 8.0.14 (x64)","64.56.29490","20250407"
"QN-AZQA213-MYQ3","Microsoft .NET Host - 6.0.15 (x86)","48.63.56695","20240912"
"QN-AZQA213-MYQ3","Microsoft .NET Core Host FX Resolver - 3.1.21 (x64)","24.84.30622","20220705"
"QN-AZQA213-MYQ3","Microsoft .NET Runtime - 6.0.15 (x86)","48.63.56695","20240912"
"QN-AZQA213-MYQ3","Microsoft .NET Core Host - 3.1.21 (x86)","24.84.30622","20220705"
"QN-AZQA213-MYQ3","Microsoft .NET Host - 6.0.15 (x64)","48.63.56695","20240912"
"QN-AZQA213-MYQ3","Microsoft .NET Core Runtime - 3.1.21 (x86)","24.84.30622","20220705"
"QN-AZQA213-MYQ3","Microsoft .NET Host FX Resolver - 8.0.14 (x86)","64.56.29490","20250407"
"QN-AZQA213-MYQ3","Microsoft .NET Core Runtime - 3.1.21 (x64)","24.84.30622","20220705"
"QN-AZQA213-MYQ3","Microsoft .NET Host FX Resolver - 6.0.15 (x86)","48.63.56695","20240912"
"QN-AZQA213-MYQ3","Microsoft .NET Host - 8.0.14 (x64)","64.56.29490","20250407"
"QN-AZQA213-MYQ3","Microsoft .NET Runtime - 6.0.15 (x64)","48.63.56695","20240912"
"QN-AZQA213-MYQ3","Microsoft .NET Core SDK Uninstall Tool (x86)","4.80.595","20220705"
"QN-AZQA213-MYQ3","Microsoft .NET Host FX Resolver - 6.0.15 (x64)","48.63.56695","20240912"
"QN-AZQA213-MYQ3","Microsoft .NET Runtime - 8.0.14 (x64)","64.56.29490","20250407"
"QN-AZQA213-MYQ3","Microsoft .NET Core Host - 3.1.21 (x64)","24.84.30622","20220705"
"QN-AZQA213-MYQ3","Microsoft .NET Core Host FX Resolver - 3.1.21 (x86)","24.84.30622","20220705"
"QN-AZQA213-MYQ3","Microsoft .NET Host - 8.0.14 (x86)","64.56.29490","20250407"
"QN-AZQA213-MYQ3","Microsoft .NET Runtime - 8.0.14 (x86)","64.56.29490","20250407"
"QN-AZQA213-MYQ3","Microsoft .NET Host FX Resolver - 8.0.14 (x64)","64.56.29490","20250407"
"QN-AZQA213-MYQ3","Microsoft .NET Host - 6.0.15 (x86)","48.63.56695","20240912"
"QN-AZQA213-MYQ3","Microsoft .NET Core Host FX Resolver - 3.1.21 (x64)","24.84.30622","20220705"
"QN-AZQA213-MYQ3","Microsoft .NET Runtime - 6.0.15 (x86)","48.63.56695","20240912"
"QN-AZQA213-MYQ3","Microsoft .NET Core Host - 3.1.21 (x86)","24.84.30622","20220705"
"QN-AZQA213-MYQ3","Microsoft .NET Host - 6.0.15 (x64)","48.63.56695","20240912"
"QN-AZQA213-MYQ3","Microsoft .NET Core Runtime - 3.1.21 (x86)","24.84.30622","20220705"
"QN-AZQA213-MYQ3","Microsoft .NET Host FX Resolver - 8.0.14 (x86)","64.56.29490","20250407"
"QN-AZQA222-APP1","Microsoft .NET Core Runtime - 3.1.21 (x64)","24.84.30622","20220629"
"QN-AZQA222-APP1","Microsoft .NET Host FX Resolver - 6.0.15 (x86)","48.63.56695","20231024"
"QN-AZQA222-APP1","Microsoft .NET Runtime - 6.0.15 (x64)","48.63.56695","20231024"
"QN-AZQA222-APP1","Microsoft .NET Core SDK Uninstall Tool (x86)","4.80.595","20220629"
"QN-AZQA222-APP1","Microsoft .NET Host FX Resolver - 6.0.15 (x64)","48.63.56695","20231024"
"QN-AZQA222-APP1","Microsoft .NET Core Host - 3.1.21 (x64)","24.84.30622","20220629"
"QN-AZQA222-APP1","Microsoft .NET Core Host FX Resolver - 3.1.21 (x86)","24.84.30622","20220629"
"QN-AZQA222-APP1","Microsoft .NET Host - 6.0.15 (x86)","48.63.56695","20231024"
"QN-AZQA222-APP1","Microsoft .NET Core Host FX Resolver - 3.1.21 (x64)","24.84.30622","20220629"
"QN-AZQA222-APP1","Microsoft .NET Runtime - 6.0.15 (x86)","48.63.56695","20231024"
"QN-AZQA222-APP1","Microsoft .NET Core Host - 3.1.21 (x86)","24.84.30622","20220629"
"QN-AZQA222-APP1","Microsoft .NET Host - 6.0.15 (x64)","48.63.56695","20231024"
"QN-AZQA222-APP1","Microsoft .NET Core Runtime - 3.1.21 (x86)","24.84.30622","20220629"
"QN-AZQA222-APP1","Microsoft .NET Core Runtime - 3.1.21 (x64)","24.84.30622","20220629"
"QN-AZQA222-APP1","Microsoft .NET Host FX Resolver - 6.0.15 (x86)","48.63.56695","20231024"
"QN-AZQA222-APP1","Microsoft .NET Runtime - 6.0.15 (x64)","48.63.56695","20231024"
"QN-AZQA222-APP1","Microsoft .NET Core SDK Uninstall Tool (x86)","4.80.595","20220629"
"QN-AZQA222-APP1","Microsoft .NET Host FX Resolver - 6.0.15 (x64)","48.63.56695","20231024"
"QN-AZQA222-APP1","Microsoft .NET Core Host - 3.1.21 (x64)","24.84.30622","20220629"
"QN-AZQA222-APP1","Microsoft .NET Core Host FX Resolver - 3.1.21 (x86)","24.84.30622","20220629"
"QN-AZQA222-APP1","Microsoft .NET Host - 6.0.15 (x86)","48.63.56695","20231024"
"QN-AZQA222-APP1","Microsoft .NET Core Host FX Resolver - 3.1.21 (x64)","24.84.30622","20220629"
"QN-AZQA222-APP1","Microsoft .NET Runtime - 6.0.15 (x86)","48.63.56695","20231024"
"QN-AZQA222-APP1","Microsoft .NET Core Host - 3.1.21 (x86)","24.84.30622","20220629"
"QN-AZQA222-APP1","Microsoft .NET Host - 6.0.15 (x64)","48.63.56695","20231024"
"QN-AZQA222-APP1","Microsoft .NET Core Runtime - 3.1.21 (x86)","24.84.30622","20220629"
"QN-AZQA222-BIZ1","Microsoft .NET Core Runtime - 3.1.21 (x64)","24.84.30622","20231024"
"QN-AZQA222-BIZ1","Microsoft .NET Core Host - 3.1.21 (x64)","24.84.30622","20231024"
"QN-AZQA222-BIZ1","Microsoft .NET Core Host FX Resolver - 3.1.21 (x86)","24.84.30622","20231024"
"QN-AZQA222-BIZ1","Microsoft .NET Core Host FX Resolver - 3.1.21 (x64)","24.84.30622","20231024"
"QN-AZQA222-BIZ1","Microsoft .NET Core Host - 3.1.21 (x86)","24.84.30622","20231024"
"QN-AZQA222-BIZ1","Microsoft .NET Core Runtime - 3.1.21 (x86)","24.84.30622","20231024"
"QN-AZQA222-BIZ1","Microsoft .NET Core Runtime - 3.1.21 (x64)","24.84.30622","20231024"
"QN-AZQA222-BIZ1","Microsoft .NET Core Host - 3.1.21 (x64)","24.84.30622","20231024"
"QN-AZQA222-BIZ1","Microsoft .NET Core Host FX Resolver - 3.1.21 (x86)","24.84.30622","20231024"
"QN-AZQA222-BIZ1","Microsoft .NET Core Host FX Resolver - 3.1.21 (x64)","24.84.30622","20231024"
"QN-AZQA222-BIZ1","Microsoft .NET Core Host - 3.1.21 (x86)","24.84.30622","20231024"
"QN-AZQA222-BIZ1","Microsoft .NET Core Runtime - 3.1.21 (x86)","24.84.30622","20231024"
"QN-AZQA222-HUB1","Microsoft .NET Core Runtime - 3.1.21 (x64)","24.84.30622","20220629"
"QN-AZQA222-HUB1","Microsoft .NET Host FX Resolver - 6.0.15 (x86)","48.63.56695","20231025"
"QN-AZQA222-HUB1","Microsoft .NET Runtime - 6.0.15 (x64)","48.63.56695","20231025"
"QN-AZQA222-HUB1","Microsoft .NET Core SDK Uninstall Tool (x86)","4.80.595","20220629"
"QN-AZQA222-HUB1","Microsoft .NET Host FX Resolver - 6.0.15 (x64)","48.63.56695","20231025"
"QN-AZQA222-HUB1","Microsoft .NET Core Host - 3.1.21 (x64)","24.84.30622","20220629"
"QN-AZQA222-HUB1","Microsoft .NET Core Host FX Resolver - 3.1.21 (x86)","24.84.30622","20220629"
"QN-AZQA222-HUB1","Microsoft .NET Host - 6.0.15 (x86)","48.63.56695","20231025"
"QN-AZQA222-HUB1","Microsoft .NET Core Host FX Resolver - 3.1.21 (x64)","24.84.30622","20220629"
"QN-AZQA222-HUB1","Microsoft .NET Runtime - 6.0.15 (x86)","48.63.56695","20231025"
"QN-AZQA222-HUB1","Microsoft .NET Core Host - 3.1.21 (x86)","24.84.30622","20220629"
"QN-AZQA222-HUB1","Microsoft .NET Host - 6.0.15 (x64)","48.63.56695","20231025"
"QN-AZQA222-HUB1","Microsoft .NET Core Runtime - 3.1.21 (x86)","24.84.30622","20220629"
"QN-AZQA222-HUB1","Microsoft .NET Core Runtime - 3.1.21 (x64)","24.84.30622","20220629"
"QN-AZQA222-HUB1","Microsoft .NET Host FX Resolver - 6.0.15 (x86)","48.63.56695","20231025"
"QN-AZQA222-HUB1","Microsoft .NET Runtime - 6.0.15 (x64)","48.63.56695","20231025"
"QN-AZQA222-HUB1","Microsoft .NET Core SDK Uninstall Tool (x86)","4.80.595","20220629"
"QN-AZQA222-HUB1","Microsoft .NET Host FX Resolver - 6.0.15 (x64)","48.63.56695","20231025"
"QN-AZQA222-HUB1","Microsoft .NET Core Host - 3.1.21 (x64)","24.84.30622","20220629"
"QN-AZQA222-HUB1","Microsoft .NET Core Host FX Resolver - 3.1.21 (x86)","24.84.30622","20220629"
"QN-AZQA222-HUB1","Microsoft .NET Host - 6.0.15 (x86)","48.63.56695","20231025"
"QN-AZQA222-HUB1","Microsoft .NET Core Host FX Resolver - 3.1.21 (x64)","24.84.30622","20220629"
"QN-AZQA222-HUB1","Microsoft .NET Runtime - 6.0.15 (x86)","48.63.56695","20231025"
"QN-AZQA222-HUB1","Microsoft .NET Core Host - 3.1.21 (x86)","24.84.30622","20220629"
"QN-AZQA222-HUB1","Microsoft .NET Host - 6.0.15 (x64)","48.63.56695","20231025"
"QN-AZQA222-HUB1","Microsoft .NET Core Runtime - 3.1.21 (x86)","24.84.30622","20220629"
"QN-AZQA222-MYQ1","ERROR","N/A","N/A"
"QN-AZQA222-MYQ1","ERROR","N/A","N/A"
"QN-AZQA300-APP1","Microsoft .NET Core SDK Uninstall Tool (x86)","4.80.595","20220629"
"QN-AZQA300-APP1","Microsoft .NET Runtime - 8.0.15 (x64)","64.60.31149","20250505"
"QN-AZQA300-APP1","Microsoft .NET Host FX Resolver - 8.0.15 (x86)","64.60.31149","20250505"
"QN-AZQA300-APP1","Microsoft .NET Host FX Resolver - 8.0.15 (x64)","64.60.31149","20250505"
"QN-AZQA300-APP1","Microsoft .NET Host - 8.0.15 (x64)","64.60.31149","20250505"
"QN-AZQA300-APP1","Microsoft .NET Host - 8.0.15 (x86)","64.60.31149","20250505"
"QN-AZQA300-APP1","Microsoft .NET Runtime - 8.0.15 (x86)","64.60.31149","20250505"
"QN-AZQA300-APP1","Microsoft .NET Core SDK Uninstall Tool (x86)","4.80.595","20220629"
"QN-AZQA300-APP1","Microsoft .NET Runtime - 8.0.15 (x64)","64.60.31149","20250505"
"QN-AZQA300-APP1","Microsoft .NET Host FX Resolver - 8.0.15 (x86)","64.60.31149","20250505"
"QN-AZQA300-APP1","Microsoft .NET Host FX Resolver - 8.0.15 (x64)","64.60.31149","20250505"
"QN-AZQA300-APP1","Microsoft .NET Host - 8.0.15 (x64)","64.60.31149","20250505"
"QN-AZQA300-APP1","Microsoft .NET Host - 8.0.15 (x86)","64.60.31149","20250505"
"QN-AZQA300-APP1","Microsoft .NET Runtime - 8.0.15 (x86)","64.60.31149","20250505"
"QN-AZQA300-BIZ1","Microsoft .NET Runtime - 8.0.15 (x64)","64.60.31149","20250505"
"QN-AZQA300-BIZ1","Microsoft .NET Host FX Resolver - 8.0.15 (x86)","64.60.31149","20250505"
"QN-AZQA300-BIZ1","Microsoft .NET Host FX Resolver - 8.0.15 (x64)","64.60.31149","20250505"
"QN-AZQA300-BIZ1","Microsoft .NET Host - 8.0.15 (x64)","64.60.31149","20250505"
"QN-AZQA300-BIZ1","Microsoft .NET Host - 8.0.15 (x86)","64.60.31149","20250505"
"QN-AZQA300-BIZ1","Microsoft .NET Runtime - 8.0.15 (x86)","64.60.31149","20250505"
"QN-AZQA300-BIZ1","Microsoft .NET Runtime - 8.0.15 (x64)","64.60.31149","20250505"
"QN-AZQA300-BIZ1","Microsoft .NET Host FX Resolver - 8.0.15 (x86)","64.60.31149","20250505"
"QN-AZQA300-BIZ1","Microsoft .NET Host FX Resolver - 8.0.15 (x64)","64.60.31149","20250505"
"QN-AZQA300-BIZ1","Microsoft .NET Host - 8.0.15 (x64)","64.60.31149","20250505"
"QN-AZQA300-BIZ1","Microsoft .NET Host - 8.0.15 (x86)","64.60.31149","20250505"
"QN-AZQA300-BIZ1","Microsoft .NET Runtime - 8.0.15 (x86)","64.60.31149","20250505"
"QN-AZQA300-HUB1","Microsoft .NET Core SDK Uninstall Tool (x86)","4.80.595","20220629"
"QN-AZQA300-HUB1","Microsoft .NET Runtime - 8.0.15 (x64)","64.60.31149","20250505"
"QN-AZQA300-HUB1","Microsoft .NET Host FX Resolver - 8.0.15 (x86)","64.60.31149","20250505"
"QN-AZQA300-HUB1","Microsoft .NET Host FX Resolver - 8.0.15 (x64)","64.60.31149","20250505"
"QN-AZQA300-HUB1","Microsoft .NET Host - 8.0.15 (x64)","64.60.31149","20250505"
"QN-AZQA300-HUB1","Microsoft .NET Host - 8.0.15 (x86)","64.60.31149","20250505"
"QN-AZQA300-HUB1","Microsoft .NET Runtime - 8.0.15 (x86)","64.60.31149","20250505"
"QN-AZQA300-HUB1","Microsoft .NET Core SDK Uninstall Tool (x86)","4.80.595","20220629"
"QN-AZQA300-HUB1","Microsoft .NET Runtime - 8.0.15 (x64)","64.60.31149","20250505"
"QN-AZQA300-HUB1","Microsoft .NET Host FX Resolver - 8.0.15 (x86)","64.60.31149","20250505"
"QN-AZQA300-HUB1","Microsoft .NET Host FX Resolver - 8.0.15 (x64)","64.60.31149","20250505"
"QN-AZQA300-HUB1","Microsoft .NET Host - 8.0.15 (x64)","64.60.31149","20250505"
"QN-AZQA300-HUB1","Microsoft .NET Host - 8.0.15 (x86)","64.60.31149","20250505"
"QN-AZQA300-HUB1","Microsoft .NET Runtime - 8.0.15 (x86)","64.60.31149","20250505"
"QN-AZQA300-MYQ1","Microsoft .NET Core SDK Uninstall Tool (x86)","4.80.595","20220705"
"QN-AZQA300-MYQ1","Microsoft .NET Runtime - 8.0.15 (x64)","64.60.31149","20250505"
"QN-AZQA300-MYQ1","Microsoft .NET Host FX Resolver - 8.0.15 (x86)","64.60.31149","20250505"
"QN-AZQA300-MYQ1","Microsoft .NET Host FX Resolver - 8.0.15 (x64)","64.60.31149","20250505"
"QN-AZQA300-MYQ1","Microsoft .NET Host - 8.0.15 (x64)","64.60.31149","20250505"
"QN-AZQA300-MYQ1","Microsoft .NET Host - 8.0.15 (x86)","64.60.31149","20250505"
"QN-AZQA300-MYQ1","Microsoft .NET Runtime - 8.0.15 (x86)","64.60.31149","20250505"
"QN-AZQA300-MYQ1","Microsoft .NET Core SDK Uninstall Tool (x86)","4.80.595","20220705"
"QN-AZQA300-MYQ1","Microsoft .NET Runtime - 8.0.15 (x64)","64.60.31149","20250505"
"QN-AZQA300-MYQ1","Microsoft .NET Host FX Resolver - 8.0.15 (x86)","64.60.31149","20250505"
"QN-AZQA300-MYQ1","Microsoft .NET Host FX Resolver - 8.0.15 (x64)","64.60.31149","20250505"
"QN-AZQA300-MYQ1","Microsoft .NET Host - 8.0.15 (x64)","64.60.31149","20250505"
"QN-AZQA300-MYQ1","Microsoft .NET Host - 8.0.15 (x86)","64.60.31149","20250505"
"QN-AZQA300-MYQ1","Microsoft .NET Runtime - 8.0.15 (x86)","64.60.31149","20250505"
"QN-AZQA301-APP1","Microsoft .NET Host - 8.0.14 (x64)","64.56.29490","20250407"
"QN-AZQA301-APP1","Microsoft .NET Core SDK Uninstall Tool (x86)","4.80.595","20220629"
"QN-AZQA301-APP1","Microsoft .NET Runtime - 8.0.14 (x64)","64.56.29490","20250407"
"QN-AZQA301-APP1","Microsoft .NET Host - 8.0.14 (x86)","64.56.29490","20250407"
"QN-AZQA301-APP1","Microsoft .NET Runtime - 8.0.14 (x86)","64.56.29490","20250407"
"QN-AZQA301-APP1","Microsoft .NET Host FX Resolver - 8.0.14 (x64)","64.56.29490","20250407"
"QN-AZQA301-APP1","Microsoft .NET Host FX Resolver - 8.0.14 (x86)","64.56.29490","20250407"
"QN-AZQA301-APP1","Microsoft .NET Host - 8.0.14 (x64)","64.56.29490","20250407"
"QN-AZQA301-APP1","Microsoft .NET Core SDK Uninstall Tool (x86)","4.80.595","20220629"
"QN-AZQA301-APP1","Microsoft .NET Runtime - 8.0.14 (x64)","64.56.29490","20250407"
"QN-AZQA301-APP1","Microsoft .NET Host - 8.0.14 (x86)","64.56.29490","20250407"
"QN-AZQA301-APP1","Microsoft .NET Runtime - 8.0.14 (x86)","64.56.29490","20250407"
"QN-AZQA301-APP1","Microsoft .NET Host FX Resolver - 8.0.14 (x64)","64.56.29490","20250407"
"QN-AZQA301-APP1","Microsoft .NET Host FX Resolver - 8.0.14 (x86)","64.56.29490","20250407"
"QN-AZQA301-BIZ1","Microsoft .NET Host - 8.0.14 (x64)","64.56.29490","20250407"
"QN-AZQA301-BIZ1","Microsoft .NET Runtime - 8.0.14 (x64)","64.56.29490","20250407"
"QN-AZQA301-BIZ1","Microsoft .NET Host - 8.0.14 (x86)","64.56.29490","20250407"
"QN-AZQA301-BIZ1","Microsoft .NET Runtime - 8.0.14 (x86)","64.56.29490","20250407"
"QN-AZQA301-BIZ1","Microsoft .NET Host FX Resolver - 8.0.14 (x64)","64.56.29490","20250407"
"QN-AZQA301-BIZ1","Microsoft .NET Host FX Resolver - 8.0.14 (x86)","64.56.29490","20250407"
"QN-AZQA301-BIZ1","Microsoft .NET Host - 8.0.14 (x64)","64.56.29490","20250407"
"QN-AZQA301-BIZ1","Microsoft .NET Runtime - 8.0.14 (x64)","64.56.29490","20250407"
"QN-AZQA301-BIZ1","Microsoft .NET Host - 8.0.14 (x86)","64.56.29490","20250407"
"QN-AZQA301-BIZ1","Microsoft .NET Runtime - 8.0.14 (x86)","64.56.29490","20250407"
"QN-AZQA301-BIZ1","Microsoft .NET Host FX Resolver - 8.0.14 (x64)","64.56.29490","20250407"
"QN-AZQA301-BIZ1","Microsoft .NET Host FX Resolver - 8.0.14 (x86)","64.56.29490","20250407"
"QN-AZQA301-HUB1","Microsoft .NET Host - 8.0.14 (x64)","64.56.29490","20250407"
"QN-AZQA301-HUB1","Microsoft .NET Core SDK Uninstall Tool (x86)","4.80.595","20220629"
"QN-AZQA301-HUB1","Microsoft .NET Runtime - 8.0.14 (x64)","64.56.29490","20250407"
"QN-AZQA301-HUB1","Microsoft .NET Host - 8.0.14 (x86)","64.56.29490","20250407"
"QN-AZQA301-HUB1","Microsoft .NET Runtime - 8.0.14 (x86)","64.56.29490","20250407"
"QN-AZQA301-HUB1","Microsoft .NET Host FX Resolver - 8.0.14 (x64)","64.56.29490","20250407"
"QN-AZQA301-HUB1","Microsoft .NET Host FX Resolver - 8.0.14 (x86)","64.56.29490","20250407"
"QN-AZQA301-HUB1","Microsoft .NET Host - 8.0.14 (x64)","64.56.29490","20250407"
"QN-AZQA301-HUB1","Microsoft .NET Core SDK Uninstall Tool (x86)","4.80.595","20220629"
"QN-AZQA301-HUB1","Microsoft .NET Runtime - 8.0.14 (x64)","64.56.29490","20250407"
"QN-AZQA301-HUB1","Microsoft .NET Host - 8.0.14 (x86)","64.56.29490","20250407"
"QN-AZQA301-HUB1","Microsoft .NET Runtime - 8.0.14 (x86)","64.56.29490","20250407"
"QN-AZQA301-HUB1","Microsoft .NET Host FX Resolver - 8.0.14 (x64)","64.56.29490","20250407"
"QN-AZQA301-HUB1","Microsoft .NET Host FX Resolver - 8.0.14 (x86)","64.56.29490","20250407"
"QN-AZQA301-MYQ1","Microsoft .NET Host - 8.0.14 (x64)","64.56.29490","20250407"
"QN-AZQA301-MYQ1","Microsoft .NET Core SDK Uninstall Tool (x86)","4.80.595","20220705"
"QN-AZQA301-MYQ1","Microsoft .NET Runtime - 8.0.14 (x64)","64.56.29490","20250407"
"QN-AZQA301-MYQ1","Microsoft .NET Host - 8.0.14 (x86)","64.56.29490","20250407"
"QN-AZQA301-MYQ1","Microsoft .NET Runtime - 8.0.14 (x86)","64.56.29490","20250407"
"QN-AZQA301-MYQ1","Microsoft .NET Host FX Resolver - 8.0.14 (x64)","64.56.29490","20250407"
"QN-AZQA301-MYQ1","Microsoft .NET Host FX Resolver - 8.0.14 (x86)","64.56.29490","20250407"
"QN-AZQA301-MYQ1","Microsoft .NET Host - 8.0.14 (x64)","64.56.29490","20250407"
"QN-AZQA301-MYQ1","Microsoft .NET Core SDK Uninstall Tool (x86)","4.80.595","20220705"
"QN-AZQA301-MYQ1","Microsoft .NET Runtime - 8.0.14 (x64)","64.56.29490","20250407"
"QN-AZQA301-MYQ1","Microsoft .NET Host - 8.0.14 (x86)","64.56.29490","20250407"
"QN-AZQA301-MYQ1","Microsoft .NET Runtime - 8.0.14 (x86)","64.56.29490","20250407"
"QN-AZQA301-MYQ1","Microsoft .NET Host FX Resolver - 8.0.14 (x64)","64.56.29490","20250407"
"QN-AZQA301-MYQ1","Microsoft .NET Host FX Resolver - 8.0.14 (x86)","64.56.29490","20250407"
"QN-AZQA302-APP1","Microsoft .NET Host - 8.0.14 (x64)","64.56.29490","20250407"
"QN-AZQA302-APP1","Microsoft .NET Core SDK Uninstall Tool (x86)","4.80.595","20220629"
"QN-AZQA302-APP1","Microsoft .NET Runtime - 8.0.14 (x64)","64.56.29490","20250407"
"QN-AZQA302-APP1","Microsoft .NET Host - 8.0.14 (x86)","64.56.29490","20250407"
"QN-AZQA302-APP1","Microsoft .NET Runtime - 8.0.14 (x86)","64.56.29490","20250407"
"QN-AZQA302-APP1","Microsoft .NET Host FX Resolver - 8.0.14 (x64)","64.56.29490","20250407"
"QN-AZQA302-APP1","Microsoft .NET Host FX Resolver - 8.0.14 (x86)","64.56.29490","20250407"
"QN-AZQA302-APP1","Microsoft .NET Host - 8.0.14 (x64)","64.56.29490","20250407"
"QN-AZQA302-APP1","Microsoft .NET Core SDK Uninstall Tool (x86)","4.80.595","20220629"
"QN-AZQA302-APP1","Microsoft .NET Runtime - 8.0.14 (x64)","64.56.29490","20250407"
"QN-AZQA302-APP1","Microsoft .NET Host - 8.0.14 (x86)","64.56.29490","20250407"
"QN-AZQA302-APP1","Microsoft .NET Runtime - 8.0.14 (x86)","64.56.29490","20250407"
"QN-AZQA302-APP1","Microsoft .NET Host FX Resolver - 8.0.14 (x64)","64.56.29490","20250407"
"QN-AZQA302-APP1","Microsoft .NET Host FX Resolver - 8.0.14 (x86)","64.56.29490","20250407"
"QN-AZQA302-BIZ1","Microsoft .NET Host - 8.0.14 (x64)","64.56.29490","20250407"
"QN-AZQA302-BIZ1","Microsoft .NET Runtime - 8.0.14 (x64)","64.56.29490","20250407"
"QN-AZQA302-BIZ1","Microsoft .NET Host - 8.0.14 (x86)","64.56.29490","20250407"
"QN-AZQA302-BIZ1","Microsoft .NET Runtime - 8.0.14 (x86)","64.56.29490","20250407"
"QN-AZQA302-BIZ1","Microsoft .NET Host FX Resolver - 8.0.14 (x64)","64.56.29490","20250407"
"QN-AZQA302-BIZ1","Microsoft .NET Host FX Resolver - 8.0.14 (x86)","64.56.29490","20250407"
"QN-AZQA302-BIZ1","Microsoft .NET Host - 8.0.14 (x64)","64.56.29490","20250407"
"QN-AZQA302-BIZ1","Microsoft .NET Runtime - 8.0.14 (x64)","64.56.29490","20250407"
"QN-AZQA302-BIZ1","Microsoft .NET Host - 8.0.14 (x86)","64.56.29490","20250407"
"QN-AZQA302-BIZ1","Microsoft .NET Runtime - 8.0.14 (x86)","64.56.29490","20250407"
"QN-AZQA302-BIZ1","Microsoft .NET Host FX Resolver - 8.0.14 (x64)","64.56.29490","20250407"
"QN-AZQA302-BIZ1","Microsoft .NET Host FX Resolver - 8.0.14 (x86)","64.56.29490","20250407"
"QN-AZQA302-HUB1","Microsoft .NET Host - 8.0.14 (x64)","64.56.29490","20250407"
"QN-AZQA302-HUB1","Microsoft .NET Core SDK Uninstall Tool (x86)","4.80.595","20220629"
"QN-AZQA302-HUB1","Microsoft .NET Runtime - 8.0.14 (x64)","64.56.29490","20250407"
"QN-AZQA302-HUB1","Microsoft .NET Host - 8.0.14 (x86)","64.56.29490","20250407"
"QN-AZQA302-HUB1","Microsoft .NET Runtime - 8.0.14 (x86)","64.56.29490","20250407"
"QN-AZQA302-HUB1","Microsoft .NET Host FX Resolver - 8.0.14 (x64)","64.56.29490","20250407"
"QN-AZQA302-HUB1","Microsoft .NET Host FX Resolver - 8.0.14 (x86)","64.56.29490","20250407"
"QN-AZQA302-HUB1","Microsoft .NET Host - 8.0.14 (x64)","64.56.29490","20250407"
"QN-AZQA302-HUB1","Microsoft .NET Core SDK Uninstall Tool (x86)","4.80.595","20220629"
"QN-AZQA302-HUB1","Microsoft .NET Runtime - 8.0.14 (x64)","64.56.29490","20250407"
"QN-AZQA302-HUB1","Microsoft .NET Host - 8.0.14 (x86)","64.56.29490","20250407"
"QN-AZQA302-HUB1","Microsoft .NET Runtime - 8.0.14 (x86)","64.56.29490","20250407"
"QN-AZQA302-HUB1","Microsoft .NET Host FX Resolver - 8.0.14 (x64)","64.56.29490","20250407"
"QN-AZQA302-HUB1","Microsoft .NET Host FX Resolver - 8.0.14 (x86)","64.56.29490","20250407"
"QN-AZQA302-MYQ1","ERROR","N/A","N/A"
"QN-AZQA302-MYQ1","Microsoft .NET Host - 8.0.14 (x64)","64.56.29490","20250407"
"QN-AZQA302-MYQ1","Microsoft .NET Core SDK Uninstall Tool (x86)","4.80.595","20220705"
"QN-AZQA302-MYQ1","Microsoft .NET Runtime - 8.0.14 (x64)","64.56.29490","20250407"
"QN-AZQA302-MYQ1","Microsoft .NET Host - 8.0.14 (x86)","64.56.29490","20250407"
"QN-AZQA302-MYQ1","Microsoft .NET Runtime - 8.0.14 (x86)","64.56.29490","20250407"
"QN-AZQA302-MYQ1","Microsoft .NET Host FX Resolver - 8.0.14 (x64)","64.56.29490","20250407"
"QN-AZQA302-MYQ1","Microsoft .NET Host FX Resolver - 8.0.14 (x86)","64.56.29490","20250407"
"QN-AZQA303-APP1","Microsoft .NET Runtime - 8.0.15 (x64)","64.60.31149","20250505"
"QN-AZQA303-APP1","Microsoft .NET Host FX Resolver - 8.0.15 (x86)","64.60.31149","20250505"
"QN-AZQA303-APP1","Microsoft .NET Host FX Resolver - 8.0.15 (x64)","64.60.31149","20250505"
"QN-AZQA303-APP1","Microsoft .NET Host - 8.0.15 (x64)","64.60.31149","20250505"
"QN-AZQA303-APP1","Microsoft .NET Host - 8.0.15 (x86)","64.60.31149","20250505"
"QN-AZQA303-APP1","Microsoft .NET Runtime - 8.0.15 (x86)","64.60.31149","20250505"
"QN-AZQA303-APP1","Microsoft .NET Runtime - 8.0.15 (x64)","64.60.31149","20250505"
"QN-AZQA303-APP1","Microsoft .NET Host FX Resolver - 8.0.15 (x86)","64.60.31149","20250505"
"QN-AZQA303-APP1","Microsoft .NET Host FX Resolver - 8.0.15 (x64)","64.60.31149","20250505"
"QN-AZQA303-APP1","Microsoft .NET Host - 8.0.15 (x64)","64.60.31149","20250505"
"QN-AZQA303-APP1","Microsoft .NET Host - 8.0.15 (x86)","64.60.31149","20250505"
"QN-AZQA303-APP1","Microsoft .NET Runtime - 8.0.15 (x86)","64.60.31149","20250505"
"QN-AZQA303-BIZ1","Microsoft .NET Runtime - 8.0.15 (x64)","64.60.31149","20250505"
"QN-AZQA303-BIZ1","Microsoft .NET Host FX Resolver - 8.0.15 (x86)","64.60.31149","20250505"
"QN-AZQA303-BIZ1","Microsoft .NET Host FX Resolver - 8.0.15 (x64)","64.60.31149","20250505"
"QN-AZQA303-BIZ1","Microsoft .NET Host - 8.0.15 (x64)","64.60.31149","20250505"
"QN-AZQA303-BIZ1","Microsoft .NET Host - 8.0.15 (x86)","64.60.31149","20250505"
"QN-AZQA303-BIZ1","Microsoft .NET Runtime - 8.0.15 (x86)","64.60.31149","20250505"
"QN-AZQA303-BIZ1","Microsoft .NET Runtime - 8.0.15 (x64)","64.60.31149","20250505"
"QN-AZQA303-BIZ1","Microsoft .NET Host FX Resolver - 8.0.15 (x86)","64.60.31149","20250505"
"QN-AZQA303-BIZ1","Microsoft .NET Host FX Resolver - 8.0.15 (x64)","64.60.31149","20250505"
"QN-AZQA303-BIZ1","Microsoft .NET Host - 8.0.15 (x64)","64.60.31149","20250505"
"QN-AZQA303-BIZ1","Microsoft .NET Host - 8.0.15 (x86)","64.60.31149","20250505"
"QN-AZQA303-BIZ1","Microsoft .NET Runtime - 8.0.15 (x86)","64.60.31149","20250505"
"QN-AZQA303-HUB1","Microsoft .NET Runtime - 8.0.15 (x64)","64.60.31149","20250505"
"QN-AZQA303-HUB1","Microsoft .NET Host FX Resolver - 8.0.15 (x86)","64.60.31149","20250505"
"QN-AZQA303-HUB1","Microsoft .NET Host FX Resolver - 8.0.15 (x64)","64.60.31149","20250505"
"QN-AZQA303-HUB1","Microsoft .NET Host - 8.0.15 (x64)","64.60.31149","20250505"
"QN-AZQA303-HUB1","Microsoft .NET Host - 8.0.15 (x86)","64.60.31149","20250505"
"QN-AZQA303-HUB1","Microsoft .NET Runtime - 8.0.15 (x86)","64.60.31149","20250505"
"QN-AZQA303-HUB1","Microsoft .NET Runtime - 8.0.15 (x64)","64.60.31149","20250505"
"QN-AZQA303-HUB1","Microsoft .NET Host FX Resolver - 8.0.15 (x86)","64.60.31149","20250505"
"QN-AZQA303-HUB1","Microsoft .NET Host FX Resolver - 8.0.15 (x64)","64.60.31149","20250505"
"QN-AZQA303-HUB1","Microsoft .NET Host - 8.0.15 (x64)","64.60.31149","20250505"
"QN-AZQA303-HUB1","Microsoft .NET Host - 8.0.15 (x86)","64.60.31149","20250505"
"QN-AZQA303-HUB1","Microsoft .NET Runtime - 8.0.15 (x86)","64.60.31149","20250505"
"QN-AZQA303-MYQ1","Microsoft .NET Runtime - 8.0.15 (x64)","64.60.31149","20250505"
"QN-AZQA303-MYQ1","Microsoft .NET Host FX Resolver - 8.0.15 (x86)","64.60.31149","20250505"
"QN-AZQA303-MYQ1","Microsoft .NET Host FX Resolver - 8.0.15 (x64)","64.60.31149","20250505"
"QN-AZQA303-MYQ1","Microsoft .NET Host - 8.0.15 (x64)","64.60.31149","20250505"
"QN-AZQA303-MYQ1","Microsoft .NET Host - 8.0.15 (x86)","64.60.31149","20250505"
"QN-AZQA303-MYQ1","Microsoft .NET Runtime - 8.0.15 (x86)","64.60.31149","20250505"
"QN-AZQA303-MYQ1","Microsoft .NET Runtime - 8.0.15 (x64)","64.60.31149","20250505"
"QN-AZQA303-MYQ1","Microsoft .NET Host FX Resolver - 8.0.15 (x86)","64.60.31149","20250505"
"QN-AZQA303-MYQ1","Microsoft .NET Host FX Resolver - 8.0.15 (x64)","64.60.31149","20250505"
"QN-AZQA303-MYQ1","Microsoft .NET Host - 8.0.15 (x64)","64.60.31149","20250505"
"QN-AZQA303-MYQ1","Microsoft .NET Host - 8.0.15 (x86)","64.60.31149","20250505"
"QN-AZQA303-MYQ1","Microsoft .NET Runtime - 8.0.15 (x86)","64.60.31149","20250505"
"QN-AZQA305-APP1","Microsoft .NET Host - 8.0.14 (x64)","64.56.29490","20250407"
"QN-AZQA305-APP1","Microsoft .NET Core SDK Uninstall Tool (x86)","4.80.595","20220629"
"QN-AZQA305-APP1","Microsoft .NET Runtime - 8.0.14 (x64)","64.56.29490","20250407"
"QN-AZQA305-APP1","Microsoft .NET Host - 8.0.14 (x86)","64.56.29490","20250407"
"QN-AZQA305-APP1","Microsoft .NET Runtime - 8.0.14 (x86)","64.56.29490","20250407"
"QN-AZQA305-APP1","Microsoft .NET Host FX Resolver - 8.0.14 (x64)","64.56.29490","20250407"
"QN-AZQA305-APP1","Microsoft .NET Host FX Resolver - 8.0.14 (x86)","64.56.29490","20250407"
"QN-AZQA305-APP1","Microsoft .NET Host - 8.0.14 (x64)","64.56.29490","20250407"
"QN-AZQA305-APP1","Microsoft .NET Core SDK Uninstall Tool (x86)","4.80.595","20220629"
"QN-AZQA305-APP1","Microsoft .NET Runtime - 8.0.14 (x64)","64.56.29490","20250407"
"QN-AZQA305-APP1","Microsoft .NET Host - 8.0.14 (x86)","64.56.29490","20250407"
"QN-AZQA305-APP1","Microsoft .NET Runtime - 8.0.14 (x86)","64.56.29490","20250407"
"QN-AZQA305-APP1","Microsoft .NET Host FX Resolver - 8.0.14 (x64)","64.56.29490","20250407"
"QN-AZQA305-APP1","Microsoft .NET Host FX Resolver - 8.0.14 (x86)","64.56.29490","20250407"
"QN-AZQA305-BIZ1","Microsoft .NET Host - 8.0.14 (x64)","64.56.29490","20250407"
"QN-AZQA305-BIZ1","Microsoft .NET Runtime - 8.0.14 (x64)","64.56.29490","20250407"
"QN-AZQA305-BIZ1","Microsoft .NET Host - 8.0.14 (x86)","64.56.29490","20250407"
"QN-AZQA305-BIZ1","Microsoft .NET Runtime - 8.0.14 (x86)","64.56.29490","20250407"
"QN-AZQA305-BIZ1","Microsoft .NET Host FX Resolver - 8.0.14 (x64)","64.56.29490","20250407"
"QN-AZQA305-BIZ1","Microsoft .NET Host FX Resolver - 8.0.14 (x86)","64.56.29490","20250407"
"QN-AZQA305-BIZ1","Microsoft .NET Host - 8.0.14 (x64)","64.56.29490","20250407"
"QN-AZQA305-BIZ1","Microsoft .NET Runtime - 8.0.14 (x64)","64.56.29490","20250407"
"QN-AZQA305-BIZ1","Microsoft .NET Host - 8.0.14 (x86)","64.56.29490","20250407"
"QN-AZQA305-BIZ1","Microsoft .NET Runtime - 8.0.14 (x86)","64.56.29490","20250407"
"QN-AZQA305-BIZ1","Microsoft .NET Host FX Resolver - 8.0.14 (x64)","64.56.29490","20250407"
"QN-AZQA305-BIZ1","Microsoft .NET Host FX Resolver - 8.0.14 (x86)","64.56.29490","20250407"
"QN-AZQA305-HUB1","Microsoft .NET Host - 8.0.14 (x64)","64.56.29490","20250407"
"QN-AZQA305-HUB1","Microsoft .NET Core SDK Uninstall Tool (x86)","4.80.595","20220629"
"QN-AZQA305-HUB1","Microsoft .NET Runtime - 8.0.14 (x64)","64.56.29490","20250407"
"QN-AZQA305-HUB1","Microsoft .NET Host - 8.0.14 (x86)","64.56.29490","20250407"
"QN-AZQA305-HUB1","Microsoft .NET Runtime - 8.0.14 (x86)","64.56.29490","20250407"
"QN-AZQA305-HUB1","Microsoft .NET Host FX Resolver - 8.0.14 (x64)","64.56.29490","20250407"
"QN-AZQA305-HUB1","Microsoft .NET Host FX Resolver - 8.0.14 (x86)","64.56.29490","20250407"
"QN-AZQA305-HUB1","Microsoft .NET Host - 8.0.14 (x64)","64.56.29490","20250407"
"QN-AZQA305-HUB1","Microsoft .NET Core SDK Uninstall Tool (x86)","4.80.595","20220629"
"QN-AZQA305-HUB1","Microsoft .NET Runtime - 8.0.14 (x64)","64.56.29490","20250407"
"QN-AZQA305-HUB1","Microsoft .NET Host - 8.0.14 (x86)","64.56.29490","20250407"
"QN-AZQA305-HUB1","Microsoft .NET Runtime - 8.0.14 (x86)","64.56.29490","20250407"
"QN-AZQA305-HUB1","Microsoft .NET Host FX Resolver - 8.0.14 (x64)","64.56.29490","20250407"
"QN-AZQA305-HUB1","Microsoft .NET Host FX Resolver - 8.0.14 (x86)","64.56.29490","20250407"
"QN-AZQA305-MYQ1","Microsoft .NET Host - 8.0.14 (x64)","64.56.29490","20250407"
"QN-AZQA305-MYQ1","Microsoft .NET Core SDK Uninstall Tool (x86)","4.80.595","20220705"
"QN-AZQA305-MYQ1","Microsoft .NET Runtime - 8.0.14 (x64)","64.56.29490","20250407"
"QN-AZQA305-MYQ1","Microsoft .NET Host - 8.0.14 (x86)","64.56.29490","20250407"
"QN-AZQA305-MYQ1","Microsoft .NET Runtime - 8.0.14 (x86)","64.56.29490","20250407"
"QN-AZQA305-MYQ1","Microsoft .NET Host FX Resolver - 8.0.14 (x64)","64.56.29490","20250407"
"QN-AZQA305-MYQ1","Microsoft .NET Host FX Resolver - 8.0.14 (x86)","64.56.29490","20250407"
"QN-AZQA305-MYQ1","Microsoft .NET Host - 8.0.14 (x64)","64.56.29490","20250407"
"QN-AZQA305-MYQ1","Microsoft .NET Core SDK Uninstall Tool (x86)","4.80.595","20220705"
"QN-AZQA305-MYQ1","Microsoft .NET Runtime - 8.0.14 (x64)","64.56.29490","20250407"
"QN-AZQA305-MYQ1","Microsoft .NET Host - 8.0.14 (x86)","64.56.29490","20250407"
"QN-AZQA305-MYQ1","Microsoft .NET Runtime - 8.0.14 (x86)","64.56.29490","20250407"
"QN-AZQA305-MYQ1","Microsoft .NET Host FX Resolver - 8.0.14 (x64)","64.56.29490","20250407"
"QN-AZQA305-MYQ1","Microsoft .NET Host FX Resolver - 8.0.14 (x86)","64.56.29490","20250407"
"QN-AZQA306-APP1","Microsoft .NET Host - 8.0.14 (x64)","64.56.29490","20250403"
"QN-AZQA306-APP1","Microsoft .NET Core SDK Uninstall Tool (x86)","4.80.595","20220629"
"QN-AZQA306-APP1","Microsoft .NET Runtime - 8.0.14 (x64)","64.56.29490","20250403"
"QN-AZQA306-APP1","Microsoft .NET Host - 8.0.14 (x86)","64.56.29490","20250403"
"QN-AZQA306-APP1","Microsoft .NET Runtime - 8.0.14 (x86)","64.56.29490","20250403"
"QN-AZQA306-APP1","Microsoft .NET Host FX Resolver - 8.0.14 (x64)","64.56.29490","20250403"
"QN-AZQA306-APP1","Microsoft .NET Host FX Resolver - 8.0.14 (x86)","64.56.29490","20250403"
"QN-AZQA306-APP1","Microsoft .NET Host - 8.0.14 (x64)","64.56.29490","20250403"
"QN-AZQA306-APP1","Microsoft .NET Core SDK Uninstall Tool (x86)","4.80.595","20220629"
"QN-AZQA306-APP1","Microsoft .NET Runtime - 8.0.14 (x64)","64.56.29490","20250403"
"QN-AZQA306-APP1","Microsoft .NET Host - 8.0.14 (x86)","64.56.29490","20250403"
"QN-AZQA306-APP1","Microsoft .NET Runtime - 8.0.14 (x86)","64.56.29490","20250403"
"QN-AZQA306-APP1","Microsoft .NET Host FX Resolver - 8.0.14 (x64)","64.56.29490","20250403"
"QN-AZQA306-APP1","Microsoft .NET Host FX Resolver - 8.0.14 (x86)","64.56.29490","20250403"
"QN-AZQA306-BIZ1","Microsoft .NET Host - 8.0.14 (x64)","64.56.29490","20250403"
"QN-AZQA306-BIZ1","Microsoft .NET Runtime - 8.0.14 (x64)","64.56.29490","20250403"
"QN-AZQA306-BIZ1","Microsoft .NET Host - 8.0.14 (x86)","64.56.29490","20250403"
"QN-AZQA306-BIZ1","Microsoft .NET Runtime - 8.0.14 (x86)","64.56.29490","20250403"
"QN-AZQA306-BIZ1","Microsoft .NET Host FX Resolver - 8.0.14 (x64)","64.56.29490","20250403"
"QN-AZQA306-BIZ1","Microsoft .NET Host FX Resolver - 8.0.14 (x86)","64.56.29490","20250403"
"QN-AZQA306-BIZ1","Microsoft .NET Host - 8.0.14 (x64)","64.56.29490","20250403"
"QN-AZQA306-BIZ1","Microsoft .NET Runtime - 8.0.14 (x64)","64.56.29490","20250403"
"QN-AZQA306-BIZ1","Microsoft .NET Host - 8.0.14 (x86)","64.56.29490","20250403"
"QN-AZQA306-BIZ1","Microsoft .NET Runtime - 8.0.14 (x86)","64.56.29490","20250403"
"QN-AZQA306-BIZ1","Microsoft .NET Host FX Resolver - 8.0.14 (x64)","64.56.29490","20250403"
"QN-AZQA306-BIZ1","Microsoft .NET Host FX Resolver - 8.0.14 (x86)","64.56.29490","20250403"
"QN-AZQA306-HUB1","Microsoft .NET Host - 8.0.14 (x64)","64.56.29490","20250403"
"QN-AZQA306-HUB1","Microsoft .NET Core SDK Uninstall Tool (x86)","4.80.595","20220629"
"QN-AZQA306-HUB1","Microsoft .NET Runtime - 8.0.14 (x64)","64.56.29490","20250403"
"QN-AZQA306-HUB1","Microsoft .NET Host - 8.0.14 (x86)","64.56.29490","20250403"
"QN-AZQA306-HUB1","Microsoft .NET Runtime - 8.0.14 (x86)","64.56.29490","20250403"
"QN-AZQA306-HUB1","Microsoft .NET Host FX Resolver - 8.0.14 (x64)","64.56.29490","20250403"
"QN-AZQA306-HUB1","Microsoft .NET Host FX Resolver - 8.0.14 (x86)","64.56.29490","20250403"
"QN-AZQA306-HUB1","Microsoft .NET Host - 8.0.14 (x64)","64.56.29490","20250403"
"QN-AZQA306-HUB1","Microsoft .NET Core SDK Uninstall Tool (x86)","4.80.595","20220629"
"QN-AZQA306-HUB1","Microsoft .NET Runtime - 8.0.14 (x64)","64.56.29490","20250403"
"QN-AZQA306-HUB1","Microsoft .NET Host - 8.0.14 (x86)","64.56.29490","20250403"
"QN-AZQA306-HUB1","Microsoft .NET Runtime - 8.0.14 (x86)","64.56.29490","20250403"
"QN-AZQA306-HUB1","Microsoft .NET Host FX Resolver - 8.0.14 (x64)","64.56.29490","20250403"
"QN-AZQA306-HUB1","Microsoft .NET Host FX Resolver - 8.0.14 (x86)","64.56.29490","20250403"
"QN-AZQA307-APP1","Microsoft .NET Host - 8.0.14 (x64)","64.56.29490","20250407"
"QN-AZQA307-APP1","Microsoft .NET Core SDK Uninstall Tool (x86)","4.80.595","20220629"
"QN-AZQA307-APP1","Microsoft .NET Runtime - 8.0.14 (x64)","64.56.29490","20250407"
"QN-AZQA307-APP1","Microsoft .NET Host - 8.0.14 (x86)","64.56.29490","20250407"
"QN-AZQA307-APP1","Microsoft .NET Runtime - 8.0.14 (x86)","64.56.29490","20250407"
"QN-AZQA307-APP1","Microsoft .NET Host FX Resolver - 8.0.14 (x64)","64.56.29490","20250407"
"QN-AZQA307-APP1","Microsoft .NET Host FX Resolver - 8.0.14 (x86)","64.56.29490","20250407"
"QN-AZQA307-APP1","Microsoft .NET Host - 8.0.14 (x64)","64.56.29490","20250407"
"QN-AZQA307-APP1","Microsoft .NET Core SDK Uninstall Tool (x86)","4.80.595","20220629"
"QN-AZQA307-APP1","Microsoft .NET Runtime - 8.0.14 (x64)","64.56.29490","20250407"
"QN-AZQA307-APP1","Microsoft .NET Host - 8.0.14 (x86)","64.56.29490","20250407"
"QN-AZQA307-APP1","Microsoft .NET Runtime - 8.0.14 (x86)","64.56.29490","20250407"
"QN-AZQA307-APP1","Microsoft .NET Host FX Resolver - 8.0.14 (x64)","64.56.29490","20250407"
"QN-AZQA307-APP1","Microsoft .NET Host FX Resolver - 8.0.14 (x86)","64.56.29490","20250407"
"QN-AZQA307-BIZ1","Microsoft .NET Host - 8.0.14 (x64)","64.56.29490","20250407"
"QN-AZQA307-BIZ1","Microsoft .NET Runtime - 8.0.14 (x64)","64.56.29490","20250407"
"QN-AZQA307-BIZ1","Microsoft .NET Host - 8.0.14 (x86)","64.56.29490","20250407"
"QN-AZQA307-BIZ1","Microsoft .NET Runtime - 8.0.14 (x86)","64.56.29490","20250407"
"QN-AZQA307-BIZ1","Microsoft .NET Host FX Resolver - 8.0.14 (x64)","64.56.29490","20250407"
"QN-AZQA307-BIZ1","Microsoft .NET Host FX Resolver - 8.0.14 (x86)","64.56.29490","20250407"
"QN-AZQA307-BIZ1","Microsoft .NET Host - 8.0.14 (x64)","64.56.29490","20250407"
"QN-AZQA307-BIZ1","Microsoft .NET Runtime - 8.0.14 (x64)","64.56.29490","20250407"
"QN-AZQA307-BIZ1","Microsoft .NET Host - 8.0.14 (x86)","64.56.29490","20250407"
"QN-AZQA307-BIZ1","Microsoft .NET Runtime - 8.0.14 (x86)","64.56.29490","20250407"
"QN-AZQA307-BIZ1","Microsoft .NET Host FX Resolver - 8.0.14 (x64)","64.56.29490","20250407"
"QN-AZQA307-BIZ1","Microsoft .NET Host FX Resolver - 8.0.14 (x86)","64.56.29490","20250407"
"QN-AZQA307-HUB1","Microsoft .NET Host - 8.0.14 (x64)","64.56.29490","20250407"
"QN-AZQA307-HUB1","Microsoft .NET Core SDK Uninstall Tool (x86)","4.80.595","20220629"
"QN-AZQA307-HUB1","Microsoft .NET Runtime - 8.0.14 (x64)","64.56.29490","20250407"
"QN-AZQA307-HUB1","Microsoft .NET Host - 8.0.14 (x86)","64.56.29490","20250407"
"QN-AZQA307-HUB1","Microsoft .NET Runtime - 8.0.14 (x86)","64.56.29490","20250407"
"QN-AZQA307-HUB1","Microsoft .NET Host FX Resolver - 8.0.14 (x64)","64.56.29490","20250407"
"QN-AZQA307-HUB1","Microsoft .NET Host FX Resolver - 8.0.14 (x86)","64.56.29490","20250407"
"QN-AZQA307-HUB1","Microsoft .NET Host - 8.0.14 (x64)","64.56.29490","20250407"
"QN-AZQA307-HUB1","Microsoft .NET Core SDK Uninstall Tool (x86)","4.80.595","20220629"
"QN-AZQA307-HUB1","Microsoft .NET Runtime - 8.0.14 (x64)","64.56.29490","20250407"
"QN-AZQA307-HUB1","Microsoft .NET Host - 8.0.14 (x86)","64.56.29490","20250407"
"QN-AZQA307-HUB1","Microsoft .NET Runtime - 8.0.14 (x86)","64.56.29490","20250407"
"QN-AZQA307-HUB1","Microsoft .NET Host FX Resolver - 8.0.14 (x64)","64.56.29490","20250407"
"QN-AZQA307-HUB1","Microsoft .NET Host FX Resolver - 8.0.14 (x86)","64.56.29490","20250407"
"QN-AZQA308-APP1","Microsoft .NET Host - 8.0.14 (x64)","64.56.29490","20250407"
"QN-AZQA308-APP1","Microsoft .NET Core SDK Uninstall Tool (x86)","4.80.595","20220629"
"QN-AZQA308-APP1","Microsoft .NET Runtime - 8.0.14 (x64)","64.56.29490","20250407"
"QN-AZQA308-APP1","Microsoft .NET Host - 8.0.14 (x86)","64.56.29490","20250407"
"QN-AZQA308-APP1","Microsoft .NET Runtime - 8.0.14 (x86)","64.56.29490","20250407"
"QN-AZQA308-APP1","Microsoft .NET Host FX Resolver - 8.0.14 (x64)","64.56.29490","20250407"
"QN-AZQA308-APP1","Microsoft .NET Host FX Resolver - 8.0.14 (x86)","64.56.29490","20250407"
"QN-AZQA308-APP1","Microsoft .NET Host - 8.0.14 (x64)","64.56.29490","20250407"
"QN-AZQA308-APP1","Microsoft .NET Core SDK Uninstall Tool (x86)","4.80.595","20220629"
"QN-AZQA308-APP1","Microsoft .NET Runtime - 8.0.14 (x64)","64.56.29490","20250407"
"QN-AZQA308-APP1","Microsoft .NET Host - 8.0.14 (x86)","64.56.29490","20250407"
"QN-AZQA308-APP1","Microsoft .NET Runtime - 8.0.14 (x86)","64.56.29490","20250407"
"QN-AZQA308-APP1","Microsoft .NET Host FX Resolver - 8.0.14 (x64)","64.56.29490","20250407"
"QN-AZQA308-APP1","Microsoft .NET Host FX Resolver - 8.0.14 (x86)","64.56.29490","20250407"
"QN-AZQA308-BIZ1","Microsoft .NET Host - 8.0.14 (x64)","64.56.29490","20250407"
"QN-AZQA308-BIZ1","Microsoft .NET Runtime - 8.0.14 (x64)","64.56.29490","20250407"
"QN-AZQA308-BIZ1","Microsoft .NET Host - 8.0.14 (x86)","64.56.29490","20250407"
"QN-AZQA308-BIZ1","Microsoft .NET Runtime - 8.0.14 (x86)","64.56.29490","20250407"
"QN-AZQA308-BIZ1","Microsoft .NET Host FX Resolver - 8.0.14 (x64)","64.56.29490","20250407"
"QN-AZQA308-BIZ1","Microsoft .NET Host FX Resolver - 8.0.14 (x86)","64.56.29490","20250407"
"QN-AZQA308-BIZ1","Microsoft .NET Host - 8.0.14 (x64)","64.56.29490","20250407"
"QN-AZQA308-BIZ1","Microsoft .NET Runtime - 8.0.14 (x64)","64.56.29490","20250407"
"QN-AZQA308-BIZ1","Microsoft .NET Host - 8.0.14 (x86)","64.56.29490","20250407"
"QN-AZQA308-BIZ1","Microsoft .NET Runtime - 8.0.14 (x86)","64.56.29490","20250407"
"QN-AZQA308-BIZ1","Microsoft .NET Host FX Resolver - 8.0.14 (x64)","64.56.29490","20250407"
"QN-AZQA308-BIZ1","Microsoft .NET Host FX Resolver - 8.0.14 (x86)","64.56.29490","20250407"
"QN-AZQA308-HUB1","Microsoft .NET Host - 8.0.14 (x64)","64.56.29490","20250407"
"QN-AZQA308-HUB1","Microsoft .NET Core SDK Uninstall Tool (x86)","4.80.595","20220629"
"QN-AZQA308-HUB1","Microsoft .NET Runtime - 8.0.14 (x64)","64.56.29490","20250407"
"QN-AZQA308-HUB1","Microsoft .NET Host - 8.0.14 (x86)","64.56.29490","20250407"
"QN-AZQA308-HUB1","Microsoft .NET Runtime - 8.0.14 (x86)","64.56.29490","20250407"
"QN-AZQA308-HUB1","Microsoft .NET Host FX Resolver - 8.0.14 (x64)","64.56.29490","20250407"
"QN-AZQA308-HUB1","Microsoft .NET Host FX Resolver - 8.0.14 (x86)","64.56.29490","20250407"
"QN-AZQA308-HUB1","Microsoft .NET Host - 8.0.14 (x64)","64.56.29490","20250407"
"QN-AZQA308-HUB1","Microsoft .NET Core SDK Uninstall Tool (x86)","4.80.595","20220629"
"QN-AZQA308-HUB1","Microsoft .NET Runtime - 8.0.14 (x64)","64.56.29490","20250407"
"QN-AZQA308-HUB1","Microsoft .NET Host - 8.0.14 (x86)","64.56.29490","20250407"
"QN-AZQA308-HUB1","Microsoft .NET Runtime - 8.0.14 (x86)","64.56.29490","20250407"
"QN-AZQA308-HUB1","Microsoft .NET Host FX Resolver - 8.0.14 (x64)","64.56.29490","20250407"
"QN-AZQA308-HUB1","Microsoft .NET Host FX Resolver - 8.0.14 (x86)","64.56.29490","20250407"
"QN-AZQA309-APP1","Microsoft .NET Host - 8.0.14 (x64)","64.56.29490","20250407"
"QN-AZQA309-APP1","Microsoft .NET Core SDK Uninstall Tool (x86)","4.80.595","20220629"
"QN-AZQA309-APP1","Microsoft .NET Runtime - 8.0.14 (x64)","64.56.29490","20250407"
"QN-AZQA309-APP1","Microsoft .NET Host - 8.0.14 (x86)","64.56.29490","20250407"
"QN-AZQA309-APP1","Microsoft .NET Runtime - 8.0.14 (x86)","64.56.29490","20250407"
"QN-AZQA309-APP1","Microsoft .NET Host FX Resolver - 8.0.14 (x64)","64.56.29490","20250407"
"QN-AZQA309-APP1","Microsoft .NET Host FX Resolver - 8.0.14 (x86)","64.56.29490","20250407"
"QN-AZQA309-APP1","Microsoft .NET Host - 8.0.14 (x64)","64.56.29490","20250407"
"QN-AZQA309-APP1","Microsoft .NET Core SDK Uninstall Tool (x86)","4.80.595","20220629"
"QN-AZQA309-APP1","Microsoft .NET Runtime - 8.0.14 (x64)","64.56.29490","20250407"
"QN-AZQA309-APP1","Microsoft .NET Host - 8.0.14 (x86)","64.56.29490","20250407"
"QN-AZQA309-APP1","Microsoft .NET Runtime - 8.0.14 (x86)","64.56.29490","20250407"
"QN-AZQA309-APP1","Microsoft .NET Host FX Resolver - 8.0.14 (x64)","64.56.29490","20250407"
"QN-AZQA309-APP1","Microsoft .NET Host FX Resolver - 8.0.14 (x86)","64.56.29490","20250407"
"QN-AZQA309-BIZ1","Microsoft .NET Host - 8.0.14 (x64)","64.56.29490","20250407"
"QN-AZQA309-BIZ1","Microsoft .NET Runtime - 8.0.14 (x64)","64.56.29490","20250407"
"QN-AZQA309-BIZ1","Microsoft .NET Host - 8.0.14 (x86)","64.56.29490","20250407"
"QN-AZQA309-BIZ1","Microsoft .NET Runtime - 8.0.14 (x86)","64.56.29490","20250407"
"QN-AZQA309-BIZ1","Microsoft .NET Host FX Resolver - 8.0.14 (x64)","64.56.29490","20250407"
"QN-AZQA309-BIZ1","Microsoft .NET Host FX Resolver - 8.0.14 (x86)","64.56.29490","20250407"
"QN-AZQA309-BIZ1","Microsoft .NET Host - 8.0.14 (x64)","64.56.29490","20250407"
"QN-AZQA309-BIZ1","Microsoft .NET Runtime - 8.0.14 (x64)","64.56.29490","20250407"
"QN-AZQA309-BIZ1","Microsoft .NET Host - 8.0.14 (x86)","64.56.29490","20250407"
"QN-AZQA309-BIZ1","Microsoft .NET Runtime - 8.0.14 (x86)","64.56.29490","20250407"
"QN-AZQA309-BIZ1","Microsoft .NET Host FX Resolver - 8.0.14 (x64)","64.56.29490","20250407"
"QN-AZQA309-BIZ1","Microsoft .NET Host FX Resolver - 8.0.14 (x86)","64.56.29490","20250407"
"QN-AZQA309-HUB1","Microsoft .NET Host - 8.0.14 (x64)","64.56.29490","20250407"
"QN-AZQA309-HUB1","Microsoft .NET Core SDK Uninstall Tool (x86)","4.80.595","20220629"
"QN-AZQA309-HUB1","Microsoft .NET Runtime - 8.0.14 (x64)","64.56.29490","20250407"
"QN-AZQA309-HUB1","Microsoft .NET Host - 8.0.14 (x86)","64.56.29490","20250407"
"QN-AZQA309-HUB1","Microsoft .NET Runtime - 8.0.14 (x86)","64.56.29490","20250407"
"QN-AZQA309-HUB1","Microsoft .NET Host FX Resolver - 8.0.14 (x64)","64.56.29490","20250407"
"QN-AZQA309-HUB1","Microsoft .NET Host FX Resolver - 8.0.14 (x86)","64.56.29490","20250407"
"QN-AZQA309-HUB1","Microsoft .NET Host - 8.0.14 (x64)","64.56.29490","20250407"
"QN-AZQA309-HUB1","Microsoft .NET Core SDK Uninstall Tool (x86)","4.80.595","20220629"
"QN-AZQA309-HUB1","Microsoft .NET Runtime - 8.0.14 (x64)","64.56.29490","20250407"
"QN-AZQA309-HUB1","Microsoft .NET Host - 8.0.14 (x86)","64.56.29490","20250407"
"QN-AZQA309-HUB1","Microsoft .NET Runtime - 8.0.14 (x86)","64.56.29490","20250407"
"QN-AZQA309-HUB1","Microsoft .NET Host FX Resolver - 8.0.14 (x64)","64.56.29490","20250407"
"QN-AZQA309-HUB1","Microsoft .NET Host FX Resolver - 8.0.14 (x86)","64.56.29490","20250407"
"QN-AZQA309-MYQ1","Microsoft .NET Host - 8.0.14 (x64)","64.56.29490","20250407"
"QN-AZQA309-MYQ1","Microsoft .NET Core SDK Uninstall Tool (x86)","4.80.595","20220705"
"QN-AZQA309-MYQ1","Microsoft .NET Runtime - 8.0.14 (x64)","64.56.29490","20250407"
"QN-AZQA309-MYQ1","Microsoft .NET Host - 8.0.14 (x86)","64.56.29490","20250407"
"QN-AZQA309-MYQ1","Microsoft .NET Runtime - 8.0.14 (x86)","64.56.29490","20250407"
"QN-AZQA309-MYQ1","Microsoft .NET Host FX Resolver - 8.0.14 (x64)","64.56.29490","20250407"
"QN-AZQA309-MYQ1","Microsoft .NET Host FX Resolver - 8.0.14 (x86)","64.56.29490","20250407"
"QN-AZQA309-MYQ1","Microsoft .NET Host - 8.0.14 (x64)","64.56.29490","20250407"
"QN-AZQA309-MYQ1","Microsoft .NET Core SDK Uninstall Tool (x86)","4.80.595","20220705"
"QN-AZQA309-MYQ1","Microsoft .NET Runtime - 8.0.14 (x64)","64.56.29490","20250407"
"QN-AZQA309-MYQ1","Microsoft .NET Host - 8.0.14 (x86)","64.56.29490","20250407"
"QN-AZQA309-MYQ1","Microsoft .NET Runtime - 8.0.14 (x86)","64.56.29490","20250407"
"QN-AZQA309-MYQ1","Microsoft .NET Host FX Resolver - 8.0.14 (x64)","64.56.29490","20250407"
"QN-AZQA309-MYQ1","Microsoft .NET Host FX Resolver - 8.0.14 (x86)","64.56.29490","20250407"
"QN-AZQA310-APP1","Microsoft .NET Host - 8.0.14 (x64)","64.56.29490","20250407"
"QN-AZQA310-APP1","Microsoft .NET Core SDK Uninstall Tool (x86)","4.80.595","20220629"
"QN-AZQA310-APP1","Microsoft .NET Runtime - 8.0.14 (x64)","64.56.29490","20250407"
"QN-AZQA310-APP1","Microsoft .NET Host - 8.0.14 (x86)","64.56.29490","20250407"
"QN-AZQA310-APP1","Microsoft .NET Runtime - 8.0.14 (x86)","64.56.29490","20250407"
"QN-AZQA310-APP1","Microsoft .NET Host FX Resolver - 8.0.14 (x64)","64.56.29490","20250407"
"QN-AZQA310-APP1","Microsoft .NET Host FX Resolver - 8.0.14 (x86)","64.56.29490","20250407"
"QN-AZQA310-APP1","Microsoft .NET Host - 8.0.14 (x64)","64.56.29490","20250407"
"QN-AZQA310-APP1","Microsoft .NET Core SDK Uninstall Tool (x86)","4.80.595","20220629"
"QN-AZQA310-APP1","Microsoft .NET Runtime - 8.0.14 (x64)","64.56.29490","20250407"
"QN-AZQA310-APP1","Microsoft .NET Host - 8.0.14 (x86)","64.56.29490","20250407"
"QN-AZQA310-APP1","Microsoft .NET Runtime - 8.0.14 (x86)","64.56.29490","20250407"
"QN-AZQA310-APP1","Microsoft .NET Host FX Resolver - 8.0.14 (x64)","64.56.29490","20250407"
"QN-AZQA310-APP1","Microsoft .NET Host FX Resolver - 8.0.14 (x86)","64.56.29490","20250407"
"QN-AZQA310-BIZ1","Microsoft .NET Host - 8.0.14 (x64)","64.56.29490","20250407"
"QN-AZQA310-BIZ1","Microsoft .NET Runtime - 8.0.14 (x64)","64.56.29490","20250407"
"QN-AZQA310-BIZ1","Microsoft .NET Host - 8.0.14 (x86)","64.56.29490","20250407"
"QN-AZQA310-BIZ1","Microsoft .NET Runtime - 8.0.14 (x86)","64.56.29490","20250407"
"QN-AZQA310-BIZ1","Microsoft .NET Host FX Resolver - 8.0.14 (x64)","64.56.29490","20250407"
"QN-AZQA310-BIZ1","Microsoft .NET Host FX Resolver - 8.0.14 (x86)","64.56.29490","20250407"
"QN-AZQA310-BIZ1","Microsoft .NET Host - 8.0.14 (x64)","64.56.29490","20250407"
"QN-AZQA310-BIZ1","Microsoft .NET Runtime - 8.0.14 (x64)","64.56.29490","20250407"
"QN-AZQA310-BIZ1","Microsoft .NET Host - 8.0.14 (x86)","64.56.29490","20250407"
"QN-AZQA310-BIZ1","Microsoft .NET Runtime - 8.0.14 (x86)","64.56.29490","20250407"
"QN-AZQA310-BIZ1","Microsoft .NET Host FX Resolver - 8.0.14 (x64)","64.56.29490","20250407"
"QN-AZQA310-BIZ1","Microsoft .NET Host FX Resolver - 8.0.14 (x86)","64.56.29490","20250407"
"QN-AZQA310-HUB1","Microsoft .NET Host - 8.0.14 (x64)","64.56.29490","20250407"
"QN-AZQA310-HUB1","Microsoft .NET Core SDK Uninstall Tool (x86)","4.80.595","20220629"
"QN-AZQA310-HUB1","Microsoft .NET Runtime - 8.0.14 (x64)","64.56.29490","20250407"
"QN-AZQA310-HUB1","Microsoft .NET Host - 8.0.14 (x86)","64.56.29490","20250407"
"QN-AZQA310-HUB1","Microsoft .NET Runtime - 8.0.14 (x86)","64.56.29490","20250407"
"QN-AZQA310-HUB1","Microsoft .NET Host FX Resolver - 8.0.14 (x64)","64.56.29490","20250407"
"QN-AZQA310-HUB1","Microsoft .NET Host FX Resolver - 8.0.14 (x86)","64.56.29490","20250407"
"QN-AZQA310-HUB1","Microsoft .NET Host - 8.0.14 (x64)","64.56.29490","20250407"
"QN-AZQA310-HUB1","Microsoft .NET Core SDK Uninstall Tool (x86)","4.80.595","20220629"
"QN-AZQA310-HUB1","Microsoft .NET Runtime - 8.0.14 (x64)","64.56.29490","20250407"
"QN-AZQA310-HUB1","Microsoft .NET Host - 8.0.14 (x86)","64.56.29490","20250407"
"QN-AZQA310-HUB1","Microsoft .NET Runtime - 8.0.14 (x86)","64.56.29490","20250407"
"QN-AZQA310-HUB1","Microsoft .NET Host FX Resolver - 8.0.14 (x64)","64.56.29490","20250407"
"QN-AZQA310-HUB1","Microsoft .NET Host FX Resolver - 8.0.14 (x86)","64.56.29490","20250407"
"QN-AZQA310-MYQ1","Microsoft .NET Host - 8.0.14 (x64)","64.56.29490","20250407"
"QN-AZQA310-MYQ1","Microsoft .NET Core SDK Uninstall Tool (x86)","4.80.595","20220705"
"QN-AZQA310-MYQ1","Microsoft .NET Runtime - 8.0.14 (x64)","64.56.29490","20250407"
"QN-AZQA310-MYQ1","Microsoft .NET Host - 8.0.14 (x86)","64.56.29490","20250407"
"QN-AZQA310-MYQ1","Microsoft .NET Runtime - 8.0.14 (x86)","64.56.29490","20250407"
"QN-AZQA310-MYQ1","Microsoft .NET Host FX Resolver - 8.0.14 (x64)","64.56.29490","20250407"
"QN-AZQA310-MYQ1","Microsoft .NET Host FX Resolver - 8.0.14 (x86)","64.56.29490","20250407"
"QN-AZQA310-MYQ1","Microsoft .NET Host - 8.0.14 (x64)","64.56.29490","20250407"
"QN-AZQA310-MYQ1","Microsoft .NET Core SDK Uninstall Tool (x86)","4.80.595","20220705"
"QN-AZQA310-MYQ1","Microsoft .NET Runtime - 8.0.14 (x64)","64.56.29490","20250407"
"QN-AZQA310-MYQ1","Microsoft .NET Host - 8.0.14 (x86)","64.56.29490","20250407"
"QN-AZQA310-MYQ1","Microsoft .NET Runtime - 8.0.14 (x86)","64.56.29490","20250407"
"QN-AZQA310-MYQ1","Microsoft .NET Host FX Resolver - 8.0.14 (x64)","64.56.29490","20250407"
"QN-AZQA310-MYQ1","Microsoft .NET Host FX Resolver - 8.0.14 (x86)","64.56.29490","20250407"
"QN-DEMO1-APP1","Microsoft .NET Host - 8.0.14 (x64)","64.56.29490","20250424"
"QN-DEMO1-APP1","Microsoft .NET Core SDK Uninstall Tool (x86)","4.80.595","20220629"
"QN-DEMO1-APP1","Microsoft .NET Runtime - 8.0.14 (x64)","64.56.29490","20250424"
"QN-DEMO1-APP1","Microsoft .NET Host - 8.0.14 (x86)","64.56.29490","20250424"
"QN-DEMO1-APP1","Microsoft .NET Runtime - 8.0.14 (x86)","64.56.29490","20250424"
"QN-DEMO1-APP1","Microsoft .NET Host FX Resolver - 8.0.14 (x64)","64.56.29490","20250424"
"QN-DEMO1-APP1","Microsoft .NET Host FX Resolver - 8.0.14 (x86)","64.56.29490","20250424"
"QN-DEMO1-APP1","Microsoft .NET Host - 8.0.14 (x64)","64.56.29490","20250424"
"QN-DEMO1-APP1","Microsoft .NET Core SDK Uninstall Tool (x86)","4.80.595","20220629"
"QN-DEMO1-APP1","Microsoft .NET Runtime - 8.0.14 (x64)","64.56.29490","20250424"
"QN-DEMO1-APP1","Microsoft .NET Host - 8.0.14 (x86)","64.56.29490","20250424"
"QN-DEMO1-APP1","Microsoft .NET Runtime - 8.0.14 (x86)","64.56.29490","20250424"
"QN-DEMO1-APP1","Microsoft .NET Host FX Resolver - 8.0.14 (x64)","64.56.29490","20250424"
"QN-DEMO1-APP1","Microsoft .NET Host FX Resolver - 8.0.14 (x86)","64.56.29490","20250424"
"QN-DEMO1-BIZ1","Microsoft .NET Host - 8.0.14 (x64)","64.56.29490","20250424"
"QN-DEMO1-BIZ1","Microsoft .NET Runtime - 8.0.14 (x64)","64.56.29490","20250424"
"QN-DEMO1-BIZ1","Microsoft .NET Host - 8.0.14 (x86)","64.56.29490","20250424"
"QN-DEMO1-BIZ1","Microsoft .NET Runtime - 8.0.14 (x86)","64.56.29490","20250424"
"QN-DEMO1-BIZ1","Microsoft .NET Host FX Resolver - 8.0.14 (x64)","64.56.29490","20250424"
"QN-DEMO1-BIZ1","Microsoft .NET Host FX Resolver - 8.0.14 (x86)","64.56.29490","20250424"
"QN-DEMO1-BIZ1","Microsoft .NET Host - 8.0.14 (x64)","64.56.29490","20250424"
"QN-DEMO1-BIZ1","Microsoft .NET Runtime - 8.0.14 (x64)","64.56.29490","20250424"
"QN-DEMO1-BIZ1","Microsoft .NET Host - 8.0.14 (x86)","64.56.29490","20250424"
"QN-DEMO1-BIZ1","Microsoft .NET Runtime - 8.0.14 (x86)","64.56.29490","20250424"
"QN-DEMO1-BIZ1","Microsoft .NET Host FX Resolver - 8.0.14 (x64)","64.56.29490","20250424"
"QN-DEMO1-BIZ1","Microsoft .NET Host FX Resolver - 8.0.14 (x86)","64.56.29490","20250424"
"QN-DEMO1-HUB1","Microsoft .NET Host - 8.0.14 (x64)","64.56.29490","20250425"
"QN-DEMO1-HUB1","Microsoft .NET Core SDK Uninstall Tool (x86)","4.80.595","20220629"
"QN-DEMO1-HUB1","Microsoft .NET Runtime - 8.0.14 (x64)","64.56.29490","20250425"
"QN-DEMO1-HUB1","Microsoft .NET Host - 8.0.14 (x86)","64.56.29490","20250425"
"QN-DEMO1-HUB1","Microsoft .NET Runtime - 8.0.14 (x86)","64.56.29490","20250425"
"QN-DEMO1-HUB1","Microsoft .NET Host FX Resolver - 8.0.14 (x64)","64.56.29490","20250425"
"QN-DEMO1-HUB1","Microsoft .NET Host FX Resolver - 8.0.14 (x86)","64.56.29490","20250425"
"QN-DEMO1-HUB1","Microsoft .NET Host - 8.0.14 (x64)","64.56.29490","20250425"
"QN-DEMO1-HUB1","Microsoft .NET Core SDK Uninstall Tool (x86)","4.80.595","20220629"
"QN-DEMO1-HUB1","Microsoft .NET Runtime - 8.0.14 (x64)","64.56.29490","20250425"
"QN-DEMO1-HUB1","Microsoft .NET Host - 8.0.14 (x86)","64.56.29490","20250425"
"QN-DEMO1-HUB1","Microsoft .NET Runtime - 8.0.14 (x86)","64.56.29490","20250425"
"QN-DEMO1-HUB1","Microsoft .NET Host FX Resolver - 8.0.14 (x64)","64.56.29490","20250425"
"QN-DEMO1-HUB1","Microsoft .NET Host FX Resolver - 8.0.14 (x86)","64.56.29490","20250425"
"QN-DEMO1-MYQ1","Microsoft .NET Host - 8.0.14 (x64)","64.56.29490","20250427"
"QN-DEMO1-MYQ1","Microsoft .NET Core SDK Uninstall Tool (x86)","4.80.595","20220705"
"QN-DEMO1-MYQ1","Microsoft .NET Runtime - 8.0.14 (x64)","64.56.29490","20250427"
"QN-DEMO1-MYQ1","Microsoft .NET Host - 8.0.14 (x86)","64.56.29490","20250427"
"QN-DEMO1-MYQ1","Microsoft .NET Runtime - 8.0.14 (x86)","64.56.29490","20250427"
"QN-DEMO1-MYQ1","Microsoft .NET Host FX Resolver - 8.0.14 (x64)","64.56.29490","20250427"
"QN-DEMO1-MYQ1","Microsoft .NET Host FX Resolver - 8.0.14 (x86)","64.56.29490","20250427"
"QN-DEMO1-MYQ1","Microsoft .NET Host - 8.0.14 (x64)","64.56.29490","20250427"
"QN-DEMO1-MYQ1","Microsoft .NET Core SDK Uninstall Tool (x86)","4.80.595","20220705"
"QN-DEMO1-MYQ1","Microsoft .NET Runtime - 8.0.14 (x64)","64.56.29490","20250427"
"QN-DEMO1-MYQ1","Microsoft .NET Host - 8.0.14 (x86)","64.56.29490","20250427"
"QN-DEMO1-MYQ1","Microsoft .NET Runtime - 8.0.14 (x86)","64.56.29490","20250427"
"QN-DEMO1-MYQ1","Microsoft .NET Host FX Resolver - 8.0.14 (x64)","64.56.29490","20250427"
"QN-DEMO1-MYQ1","Microsoft .NET Host FX Resolver - 8.0.14 (x86)","64.56.29490","20250427"
