"VMName","ResourceGroup","AutoShutdownSchedule"
"QN-AZBLD-01","T3DEV-QNXT-BLD-RG",
"QN-AZBLD-02","T3DEV-QNXT-BLD-RG",
"QN-AZBLD-03","T3DEV-QNXT-BLD-RG",
"QN-AZBLD-04","T3DEV-QNXT-BLD-RG",
"QN-AZBLD-05","T3DEV-QNXT-BLD-RG",
"QN-AZBLD-06","T3DEV-QNXT-BLD-RG",
"QN-AZBLD-07","T3DEV-QNXT-BLD-RG",
"QN-AZBLD-08","T3DEV-QNXT-BLD-RG",
"QN-AZBLD-09","T3DEV-QNXT-BLD-RG",
"QN-AZBLD-10","T3DEV-QNXT-BLD-RG",
"QN-AZBLD-11","T3DEV-QNXT-BLD-RG",
"QN-AZBLD-12","T3DEV-QNXT-BLD-RG",
"QN-AZBLD-13","T3DEV-QNXT-BLD-RG",
"QN-AZBLD-14","T3DEV-QNXT-BLD-RG",
"QN-AZBLD-15","T3DEV-QNXT-BLD-RG",
"QN-AZBLD-16","T3DEV-QNXT-BLD-RG",
"QN-AZBLD-17","T3DEV-QNXT-BLD-RG",
"QN-AZBLD-18","T3DEV-QNXT-BLD-RG",
"QN-AZDEP-01","T3DEV-QNXT-BLD-RG",
"TST-MM-2012R2-5","T3DEV-QNXT-BLD-RG",
"TTest-001","T3DEV-QNXT-BLD-RG",
"W2012R2NET452-2","T3DEV-QNXT-BLD-RG",
"W2012R2NET452-4","T3DEV-QNXT-BLD-RG",
"QN-AZADMIN","T3DEV-QNXT-DEV-RG",
"lm-test-sql-01","T3DEV-QNXT-DEVELOPMENT-RG",
"lm-test-vm","T3DEV-QNXT-DEVELOPMENT-RG",
"QN--AZDV-999","T3DEV-QNXT-DEVELOPMENT-RG",
"QN-AZDEV-100","T3DEV-QNXT-DEVELOPMENT-RG","Mountain Standard Time;Monday,Tuesday,Wednesday,Thursday=9:00PM -> 8:00AM,Friday=8:00PM -> 11:59PM,Saturday,Sunday=12:00AM -> 4PM"
"QN-AZDEV-101","T3DEV-QNXT-DEVELOPMENT-RG","Mountain Standard Time;Friday=8:00PM -> 11:59PM,Saturday,Sunday=12:00AM -> 4PM"
"QN-AZDV-001","T3DEV-QNXT-DEVELOPMENT-RG","Mountain Standard Time;Saturday,Sunday"
"QN-AZDV-0010","T3DEV-QNXT-DEVELOPMENT-RG",
"QN-AZDV-0011","T3DEV-QNXT-DEVELOPMENT-RG",
"QN-AZDV-0012","T3DEV-QNXT-DEVELOPMENT-RG",
"QN-AZDV-0013","T3DEV-QNXT-DEVELOPMENT-RG",
"QN-AZDV-0015","T3DEV-QNXT-DEVELOPMENT-RG",
"QN-AZDV-0016","T3DEV-QNXT-DEVELOPMENT-RG",
"QN-AZDV-0017","T3DEV-QNXT-DEVELOPMENT-RG",
"QN-AZDV-0018","T3DEV-QNXT-DEVELOPMENT-RG",
"QN-AZDV-002","T3DEV-QNXT-DEVELOPMENT-RG",
"QN-AZDV-003","T3DEV-QNXT-DEVELOPMENT-RG",
"QN-AZDV-004","T3DEV-QNXT-DEVELOPMENT-RG",
"QN-AZDV-005","T3DEV-QNXT-DEVELOPMENT-RG",
"QN-AZDV-006","T3DEV-QNXT-DEVELOPMENT-RG",
"QN-AZDV-007","T3DEV-QNXT-DEVELOPMENT-RG",
"QN-AZDV-008","T3DEV-QNXT-DEVELOPMENT-RG",
"QN-AZDV-009","T3DEV-QNXT-DEVELOPMENT-RG",
"QN-AZDV-010","T3DEV-QNXT-DEVELOPMENT-RG",
"QN-AZDV-011","T3DEV-QNXT-DEVELOPMENT-RG","Mountain Standard Time;Friday=8:00PM -> 11:59PM,Saturday,Sunday=12:00AM -> 4PM"
"QN-AZDV-022","T3DEV-QNXT-DEVELOPMENT-RG",
"QN-AZDV-023","T3DEV-QNXT-DEVELOPMENT-RG",
"QN-AZDV-040","T3DEV-QNXT-DEVELOPMENT-RG",
"QN-AZDV-041","T3DEV-QNXT-DEVELOPMENT-RG",
"QN-AZDV-042","T3DEV-QNXT-DEVELOPMENT-RG",
"QN-AZDV-043","T3DEV-QNXT-DEVELOPMENT-RG",
"QN-AZDV-046","T3DEV-QNXT-DEVELOPMENT-RG",
"QN-AZDV-100","T3DEV-QNXT-DEVELOPMENT-RG",
"QN-AZDV-101","T3DEV-QNXT-DEVELOPMENT-RG",
"QN-AZDV-102","T3DEV-QNXT-DEVELOPMENT-RG",
"QN-AZDV-103","T3DEV-QNXT-DEVELOPMENT-RG",
"QN-AZDV-104","T3DEV-QNXT-DEVELOPMENT-RG",
"QN-AZDV-105","T3DEV-QNXT-DEVELOPMENT-RG",
"QN-AZDV-106","T3DEV-QNXT-DEVELOPMENT-RG",
"QN-AZDV-107","T3DEV-QNXT-DEVELOPMENT-RG",
"QN-AZDV-108","T3DEV-QNXT-DEVELOPMENT-RG",
"QN-AZDV-109","T3DEV-QNXT-DEVELOPMENT-RG",
"QN-AZDV-110","T3DEV-QNXT-DEVELOPMENT-RG",
"QN-AZDV-111","T3DEV-QNXT-DEVELOPMENT-RG",
"QN-AZDV-112","T3DEV-QNXT-DEVELOPMENT-RG",
"QN-AZDV-113","T3DEV-QNXT-DEVELOPMENT-RG",
"QN-AZDV-114","T3DEV-QNXT-DEVELOPMENT-RG",
"QN-AZDV-115","T3DEV-QNXT-DEVELOPMENT-RG",
"QN-AZDV-116","T3DEV-QNXT-DEVELOPMENT-RG",
"QN-AZDV-117","T3DEV-QNXT-DEVELOPMENT-RG",
"QN-AZDV-118","T3DEV-QNXT-DEVELOPMENT-RG",
"QN-AZDV-119","T3DEV-QNXT-DEVELOPMENT-RG",
"QN-AZDV-120","T3DEV-QNXT-DEVELOPMENT-RG",
"QN-AZDV-121","T3DEV-QNXT-DEVELOPMENT-RG",
"QN-AZDV-122","T3DEV-QNXT-DEVELOPMENT-RG",
"QN-AZDV-123","T3DEV-QNXT-DEVELOPMENT-RG",
"QN-AZDV-124","T3DEV-QNXT-DEVELOPMENT-RG",
"QN-AZDV-125","T3DEV-QNXT-DEVELOPMENT-RG",
"QN-AZDV-126","T3DEV-QNXT-DEVELOPMENT-RG",
"QN-AZDV-127","T3DEV-QNXT-DEVELOPMENT-RG",
"QN-AZDV-128","T3DEV-QNXT-DEVELOPMENT-RG",
"QN-AZDV-129","T3DEV-QNXT-DEVELOPMENT-RG",
"QN-AZDV-130","T3DEV-QNXT-DEVELOPMENT-RG",
"QN-AZDV-131","T3DEV-QNXT-DEVELOPMENT-RG",
"QN-AZDV-132","T3DEV-QNXT-DEVELOPMENT-RG",
"QN-AZDV-133","T3DEV-QNXT-DEVELOPMENT-RG",
"QN-AZDV-2019","T3DEV-QNXT-DEVELOPMENT-RG",
"QN-AZDV-300","T3DEV-QNXT-DEVELOPMENT-RG",
"QN-AZDV-301","T3DEV-QNXT-DEVELOPMENT-RG",
"QN-AZDV-302","T3DEV-QNXT-DEVELOPMENT-RG",
"QN-AZDV-303","T3DEV-QNXT-DEVELOPMENT-RG",
"QN-AZDV-304","T3DEV-QNXT-DEVELOPMENT-RG",
"QN-AZDV-305","T3DEV-QNXT-DEVELOPMENT-RG",
"QN-AZDV-306","T3DEV-QNXT-DEVELOPMENT-RG",
"QN-AZDV-307","T3DEV-QNXT-DEVELOPMENT-RG",
"QN-AZDV-308","T3DEV-QNXT-DEVELOPMENT-RG",
"QN-AZDV-309","T3DEV-QNXT-DEVELOPMENT-RG",
"QN-AZDV-310","T3DEV-QNXT-DEVELOPMENT-RG",
"QN-AZDV-311","T3DEV-QNXT-DEVELOPMENT-RG",
"QN-AZDV-312","T3DEV-QNXT-DEVELOPMENT-RG",
"QN-AZDV-313","T3DEV-QNXT-DEVELOPMENT-RG",
"QN-AZDV-314","T3DEV-QNXT-DEVELOPMENT-RG",
"QN-AZDV-315","T3DEV-QNXT-DEVELOPMENT-RG",
"QN-AZDV-316","T3DEV-QNXT-DEVELOPMENT-RG",
"QN-AZDV-317","T3DEV-QNXT-DEVELOPMENT-RG",
"QN-AZDV-318","T3DEV-QNXT-DEVELOPMENT-RG",
"QN-AZDV-319","T3DEV-QNXT-DEVELOPMENT-RG",
"QN-AZDV-320","T3DEV-QNXT-DEVELOPMENT-RG",
"QN-AZDV-321","T3DEV-QNXT-DEVELOPMENT-RG",
"QN-AZDV-322","T3DEV-QNXT-DEVELOPMENT-RG",
"QN-AZDV-323","T3DEV-QNXT-DEVELOPMENT-RG",
"QN-AZDV-324","T3DEV-QNXT-DEVELOPMENT-RG",
"QN-AZDV-325","T3DEV-QNXT-DEVELOPMENT-RG",
"QN-AZDV-326","T3DEV-QNXT-DEVELOPMENT-RG",
"QN-AZDV-327","T3DEV-QNXT-DEVELOPMENT-RG",
"QN-AZDV-328","T3DEV-QNXT-DEVELOPMENT-RG",
"QN-AZDV-329","T3DEV-QNXT-DEVELOPMENT-RG",
"QN-AZDV-330","T3DEV-QNXT-DEVELOPMENT-RG",
"QN-AZDV-331","T3DEV-QNXT-DEVELOPMENT-RG",
"QN-AZDV-332","T3DEV-QNXT-DEVELOPMENT-RG",
"QN-AZDV-333","T3DEV-QNXT-DEVELOPMENT-RG",
"QN-AZDV-LNX-10","T3DEV-QNXT-DEVELOPMENT-RG",
"QN-AZDV-LNX-11","T3DEV-QNXT-DEVELOPMENT-RG",
"QN-AZDV-LNX-12","T3DEV-QNXT-DEVELOPMENT-RG",
"QN-AZDV-LNX-13","T3DEV-QNXT-DEVELOPMENT-RG",
"QN-AZDV-MGDB-01","T3DEV-QNXT-DEVELOPMENT-RG",
"QN-AZDV-SQL-01","T3DEV-QNXT-DEVELOPMENT-RG",
"QN-AZDV-SQL-02","T3DEV-QNXT-DEVELOPMENT-RG",
"QN-AZDV-SQL-03","T3DEV-QNXT-DEVELOPMENT-RG","Mountain Standard Time;Friday=8:00PM -> 11:59PM,Saturday,Sunday=12:00AM -> 4PM"
"QN-AZDV-SQL-04","T3DEV-QNXT-DEVELOPMENT-RG","Mountain Standard Time;Friday=8:00PM -> 11:59PM,Saturday,Sunday=12:00AM -> 4PM"
"QN-AZDV-SQL-05","T3DEV-QNXT-DEVELOPMENT-RG",
"QN-AZDV-SQL-06","T3DEV-QNXT-DEVELOPMENT-RG",
"QN-AZDV-SQL-07","T3DEV-QNXT-DEVELOPMENT-RG",
"QN-AZDV-SQL-08","T3DEV-QNXT-DEVELOPMENT-RG",
"QN-AZDV-SQL-10","T3DEV-QNXT-DEVELOPMENT-RG",
"QN-AZDV-SQL-12","T3DEV-QNXT-DEVELOPMENT-RG",
"QN-AZDV-TEMP-01","T3DEV-QNXT-DEVELOPMENT-RG",
"QN-AZDV-TEST25","T3DEV-QNXT-DEVELOPMENT-RG",
"QN-AZDV-UTIL-01","T3DEV-QNXT-DEVELOPMENT-RG",
"QN-AZDV001-APP1","T3DEV-QNXT-DEVELOPMENT-RG",
"QN-AZDV001-BIZ1","T3DEV-QNXT-DEVELOPMENT-RG",
"QN-AZDV001-HUB1","T3DEV-QNXT-DEVELOPMENT-RG",
"QN-AZDV002-APP1","T3DEV-QNXT-DEVELOPMENT-RG",
"QN-AZDV002-APP2","T3DEV-QNXT-DEVELOPMENT-RG",
"QN-AZDV002-HUB1","T3DEV-QNXT-DEVELOPMENT-RG",
"QN-AZDV002-HUB2","T3DEV-QNXT-DEVELOPMENT-RG",
"QN-AZDV002-MYQ1","T3DEV-QNXT-DEVELOPMENT-RG",
"QN-AZDV002-MYQ2","T3DEV-QNXT-DEVELOPMENT-RG",
"QN-AZDV003-APP1","T3DEV-QNXT-DEVELOPMENT-RG",
"QN-AZDV003-HUB1","T3DEV-QNXT-DEVELOPMENT-RG",
"QN-AZDV004-APP1","T3DEV-QNXT-DEVELOPMENT-RG","Mountain Standard Time;Friday=8:00PM -> 11:59PM,Saturday,Sunday=12:00AM -> 2PM"
"QN-AZDV004-HUB1","T3DEV-QNXT-DEVELOPMENT-RG","Mountain Standard Time;Friday=8:00PM -> 11:59PM,Saturday,Sunday=12:00AM -> 2PM"
"QN-AZDV004-MYQ1","T3DEV-QNXT-DEVELOPMENT-RG","Mountain Standard Time;Friday=8:00PM -> 11:59PM,Saturday,Sunday=12:00AM -> 2PM"
"QN-AZDV004-MYQ2","T3DEV-QNXT-DEVELOPMENT-RG","Mountain Standard Time;Friday=8:00PM -> 11:59PM,Saturday,Sunday=12:00AM -> 2PM"
"QN-AZDV060-APP1","T3DEV-QNXT-DEVELOPMENT-RG",
"QN-AZDV060-BIZ1","T3DEV-QNXT-DEVELOPMENT-RG",
"qn-azdv060-hub1","T3DEV-QNXT-DEVELOPMENT-RG",
"QN-AZDV060-MYQ1","T3DEV-QNXT-DEVELOPMENT-RG",
"QN-AZQA-TEST04","T3DEV-QNXT-DEVELOPMENT-RG",
"testvm","T3DEV-QNXT-DEVELOPMENT-RG",
"TTTestW2025","T3DEV-QNXT-DEVELOPMENT-RG",
"QN-AZDV-DEMO-01","T3DEV-QNXT-ODEV-RG",
"QN-AZDV-DEMO-02","T3DEV-QNXT-ODEV-RG","Mountain Standard Time;Friday=8:00PM -> 11:59PM,Saturday,Sunday=12:00AM -> 4PM"
"QN-AZDV-DEMO-03","T3DEV-QNXT-ODEV-RG",
"QN-AZDV-DEMO-04","T3DEV-QNXT-ODEV-RG",
"QN-AZODEV-100","T3DEV-QNXT-ODEV-RG",
"QN-AZODEV-101","T3DEV-QNXT-ODEV-RG",
"QN-AZODV-002","T3DEV-QNXT-ODEV-RG",
"QN-AZODV-003","T3DEV-QNXT-ODEV-RG",
"QN-AZODV-004","T3DEV-QNXT-ODEV-RG",
"QN-AZODV-100","T3DEV-QNXT-ODEV-RG",
"QN-AZODV-1000","T3DEV-QNXT-ODEV-RG",
"QN-AZODV-102","T3DEV-QNXT-ODEV-RG",
"QN-AZODV-103","T3DEV-QNXT-ODEV-RG",
"QN-AZODV-104","T3DEV-QNXT-ODEV-RG",
"QN-AZODV-105","T3DEV-QNXT-ODEV-RG",
"QN-AZODV-106","T3DEV-QNXT-ODEV-RG",
"QN-AZODV-107","T3DEV-QNXT-ODEV-RG",
"QN-AZODV-108","T3DEV-QNXT-ODEV-RG",
"QN-AZODV-109","T3DEV-QNXT-ODEV-RG",
"QN-AZODV-110","T3DEV-QNXT-ODEV-RG",
"QN-AZODV-111","T3DEV-QNXT-ODEV-RG",
"QN-AZODV-112","T3DEV-QNXT-ODEV-RG",
"QN-AZODV-113","T3DEV-QNXT-ODEV-RG",
"QN-AZODV-114","T3DEV-QNXT-ODEV-RG",
"QN-AZODV-115","T3DEV-QNXT-ODEV-RG",
"QN-AZODV-116","T3DEV-QNXT-ODEV-RG",
"QN-AZODV-117","T3DEV-QNXT-ODEV-RG",
"QN-AZODV-118","T3DEV-QNXT-ODEV-RG",
"QN-AZODV-119","T3DEV-QNXT-ODEV-RG",
"QN-AZODV-120","T3DEV-QNXT-ODEV-RG",
"QN-AZODV-121","T3DEV-QNXT-ODEV-RG",
"QN-AZODV-122","T3DEV-QNXT-ODEV-RG",
"QN-AZODV-123","T3DEV-QNXT-ODEV-RG",
"QN-AZODV-124","T3DEV-QNXT-ODEV-RG",
"QN-AZODV-125","T3DEV-QNXT-ODEV-RG",
"QN-AZODV-126","T3DEV-QNXT-ODEV-RG",
"QN-AZODV-127","T3DEV-QNXT-ODEV-RG",
"QN-AZODV-128","T3DEV-QNXT-ODEV-RG",
"QN-AZODV-129","T3DEV-QNXT-ODEV-RG",
"QN-AZODV-130","T3DEV-QNXT-ODEV-RG",
"QN-AZODV-131","T3DEV-QNXT-ODEV-RG",
"QN-AZODV-132","T3DEV-QNXT-ODEV-RG",
"QN-AZODV-133","T3DEV-QNXT-ODEV-RG",
"QN-AZODV-134","T3DEV-QNXT-ODEV-RG",
"QN-AZODV-135","T3DEV-QNXT-ODEV-RG",
"QN-AZODV-136","T3DEV-QNXT-ODEV-RG",
"QN-AZODV-137","T3DEV-QNXT-ODEV-RG",
"QN-AZODV-138","T3DEV-QNXT-ODEV-RG",
"QN-AZODV-139","T3DEV-QNXT-ODEV-RG",
"QN-AZODV-140","T3DEV-QNXT-ODEV-RG",
"QN-AZODV-141","T3DEV-QNXT-ODEV-RG",
"QN-AZODV-142","T3DEV-QNXT-ODEV-RG",
"QN-AZODV-143","T3DEV-QNXT-ODEV-RG",
"QN-AZODV-144","T3DEV-QNXT-ODEV-RG",
"QN-AZODV-145","T3DEV-QNXT-ODEV-RG",
"QN-AZODV-147","T3DEV-QNXT-ODEV-RG",
"QN-AZODV-148","T3DEV-QNXT-ODEV-RG",
"QN-AZODV-149","T3DEV-QNXT-ODEV-RG",
"QN-AZODV-150","T3DEV-QNXT-ODEV-RG",
"QN-AZODV-151","T3DEV-QNXT-ODEV-RG",
"QN-AZODV-152","T3DEV-QNXT-ODEV-RG",
"QN-AZODV-153","T3DEV-QNXT-ODEV-RG",
"QN-AZODV-300","T3DEV-QNXT-ODEV-RG",
"QN-AZODV-301","T3DEV-QNXT-ODEV-RG",
"QN-AZODV-302","T3DEV-QNXT-ODEV-RG",
"QN-AZODV-303","T3DEV-QNXT-ODEV-RG",
"QN-AZODV-304","T3DEV-QNXT-ODEV-RG",
"QN-AZODV-305","T3DEV-QNXT-ODEV-RG",
"QN-AZODV-306","T3DEV-QNXT-ODEV-RG",
"QN-AZODV-307","T3DEV-QNXT-ODEV-RG",
"QN-AZODV-308","T3DEV-QNXT-ODEV-RG",
"QN-AZODV-309","T3DEV-QNXT-ODEV-RG",
"QN-AZODV-310","T3DEV-QNXT-ODEV-RG",
"QN-AZODV-311","T3DEV-QNXT-ODEV-RG",
"QN-AZODV-312","T3DEV-QNXT-ODEV-RG",
"QN-AZODV-313","T3DEV-QNXT-ODEV-RG",
"QN-AZODV-314","T3DEV-QNXT-ODEV-RG",
"QN-AZODV-315","T3DEV-QNXT-ODEV-RG",
"QN-AZODV-316","T3DEV-QNXT-ODEV-RG",
"QN-AZODV-317","T3DEV-QNXT-ODEV-RG",
"QN-AZODV-318","T3DEV-QNXT-ODEV-RG",
"QN-AZODV-319","T3DEV-QNXT-ODEV-RG",
"QN-AZODV-320","T3DEV-QNXT-ODEV-RG",
"QN-AZODV-321","T3DEV-QNXT-ODEV-RG",
"QN-AZODV-322","T3DEV-QNXT-ODEV-RG",
"QN-AZODV-323","T3DEV-QNXT-ODEV-RG",
"QN-AZODV-324","T3DEV-QNXT-ODEV-RG",
"QN-AZODV-325","T3DEV-QNXT-ODEV-RG",
"QN-AZODV-326","T3DEV-QNXT-ODEV-RG",
"QN-AZODV-327","T3DEV-QNXT-ODEV-RG",
"QN-AZODV-328","T3DEV-QNXT-ODEV-RG",
"QN-AZODV-329","T3DEV-QNXT-ODEV-RG",
"QN-AZODV-330","T3DEV-QNXT-ODEV-RG",
"QN-AZODV-331","T3DEV-QNXT-ODEV-RG",
"QN-AZODV-332","T3DEV-QNXT-ODEV-RG",
"QN-AZODV-333","T3DEV-QNXT-ODEV-RG",
"QN-AZODV-334","T3DEV-QNXT-ODEV-RG",
"QN-AZODV-335","T3DEV-QNXT-ODEV-RG",
"QN-AZODV-336","T3DEV-QNXT-ODEV-RG",
"QN-AZODV-337","T3DEV-QNXT-ODEV-RG",
"QN-AZODV-338","T3DEV-QNXT-ODEV-RG",
"QN-AZODV-339","T3DEV-QNXT-ODEV-RG",
"QN-AZODV-340","T3DEV-QNXT-ODEV-RG",
"QN-AZODV-341","T3DEV-QNXT-ODEV-RG",
"QN-AZODV-342","T3DEV-QNXT-ODEV-RG",
"QN-AZODV-343","T3DEV-QNXT-ODEV-RG",
"QN-AZODV-344","T3DEV-QNXT-ODEV-RG",
"QN-AZODV-345","T3DEV-QNXT-ODEV-RG",
"QN-AZODV-347","T3DEV-QNXT-ODEV-RG",
"QN-AZODV-348","T3DEV-QNXT-ODEV-RG",
"QN-AZODV-349","T3DEV-QNXT-ODEV-RG",
"QN-AZODV-350","T3DEV-QNXT-ODEV-RG",
"QN-AZODV-351","T3DEV-QNXT-ODEV-RG",
"QN-AZODV-352","T3DEV-QNXT-ODEV-RG",
"QN-AZODV-353","T3DEV-QNXT-ODEV-RG",
"QN-AZPF-LG-01","T3DEV-QNXT-PERF-RG","Mountain Standard Time;Friday=6:00PM -> 11:59PM,Saturday,Sunday=12:00AM -> 8PM, December 25, January 1, July 4"
"QN-AZPF-LG-02","T3DEV-QNXT-PERF-RG","Mountain Standard Time;Friday=6:00PM -> 11:59PM,Saturday,Sunday=12:00AM -> 8PM, December 25, January 1, July 4"
"QN-AZPF-LG-03","T3DEV-QNXT-PERF-RG","Mountain Standard Time;Friday=6:00PM -> 11:59PM,Saturday,Sunday=12:00AM -> 8PM, December 25, January 1, July 4"
"QN-AZPF-LG-04","T3DEV-QNXT-PERF-RG","Mountain Standard Time;Friday=6:00PM -> 11:59PM,Saturday,Sunday=12:00AM -> 8PM, December 25, January 1, July 4"
"QN-AZPF-SQL-01","T3DEV-QNXT-PERF-RG","Mountain Standard Time;12:00AM -> 6:00AM,6PM -> 11:59PM, Saturday, Sunday, December 25, January 1, July 4"
"QN-AZPF-SQL-02","T3DEV-QNXT-PERF-RG","Mountain Standard Time;12:00AM -> 6:00AM,6PM -> 11:59PM, Saturday, Sunday, December 25, January 1, July 4"
"QN-AZPF-SQL-04","T3DEV-QNXT-PERF-RG","Mountain Standard Time;12:00AM -> 6:00AM,6PM -> 11:59PM, Saturday, Sunday, December 25, January 1, July 4"
"QN-AZPF-SQL-05","T3DEV-QNXT-PERF-RG","Mountain Standard Time;12:00AM -> 6:00AM,6PM -> 11:59PM, Saturday, Sunday, December 25, January 1, July 4"
"QN-AZPF-SQL-06","T3DEV-QNXT-PERF-RG","Mountain Standard Time;12:00AM -> 6:00AM,6PM -> 11:59PM, Saturday, Sunday, December 25, January 1, July 4"
"QN-AZPF-SQL-07","T3DEV-QNXT-PERF-RG","Mountain Standard Time;12:00AM -> 6:00AM,6PM -> 11:59PM, Saturday, Sunday, December 25, January 1, July 4"
"QN-AZPF-SQL-08","T3DEV-QNXT-PERF-RG","Mountain Standard Time;12:00AM -> 6:00AM,6PM -> 11:59PM, Saturday, Sunday, December 25, January 1, July 4"
"QN-AZPF-SQL-09","T3DEV-QNXT-PERF-RG","Mountain Standard Time;12:00AM -> 6:00AM,6PM -> 11:59PM, Saturday, Sunday, December 25, January 1, July 4"
"QN-AZPF-SQL-10","T3DEV-QNXT-PERF-RG","Mountain Standard Time;12:00AM -> 6:00AM,6PM -> 11:59PM, Saturday, Sunday, December 25, January 1, July 4"
"QN-AZPF-SQL-11","T3DEV-QNXT-PERF-RG","Mountain Standard Time;12:00AM -> 6:00AM,6PM -> 11:59PM, Saturday, Sunday, December 25, January 1, July 4"
"QN-AZPF-TPT-01","T3DEV-QNXT-PERF-RG","Mountain Standard Time;12:00AM -> 6:00AM,6PM -> 11:59PM, Saturday, Sunday, December 25, January 1, July 4"
"QN-AZPF-TPT-02","T3DEV-QNXT-PERF-RG","Mountain Standard Time;Friday=6:00PM -> 11:59PM,Saturday,Sunday=12:00AM -> 8PM, December 25, January 1, July 4"
"QN-AZPF-TPT-03","T3DEV-QNXT-PERF-RG","Mountain Standard Time;Friday=6:00PM -> 11:59PM,Saturday,Sunday=12:00AM -> 8PM, December 25, January 1, July 4"
"QN-AZPF-TPT-04","T3DEV-QNXT-PERF-RG","Mountain Standard Time;12:00AM -> 6:00AM,6PM -> 11:59PM, Saturday, Sunday, December 25, January 1, July 4"
"QN-AZPF001-APP1","T3DEV-QNXT-PERF-RG",
"QN-AZPF001-APP2","T3DEV-QNXT-PERF-RG",
"QN-AZPF001-APP3","T3DEV-QNXT-PERF-RG",
"QN-AZPF001-APP4","T3DEV-QNXT-PERF-RG",
"QN-AZPF001-APP5","T3DEV-QNXT-PERF-RG",
"QN-AZPF001-BIZ1","T3DEV-QNXT-PERF-RG",
"QN-AZPF001-HUB1","T3DEV-QNXT-PERF-RG",
"QN-AZPF002-APP1","T3DEV-QNXT-PERF-RG",
"QN-AZPF002-BIZ1","T3DEV-QNXT-PERF-RG",
"QN-AZPF002-HUB1","T3DEV-QNXT-PERF-RG",
"QN-AZPF006-APP1","T3DEV-QNXT-PERF-RG","Mountain Standard Time;12:00AM -> 6:00AM,6PM -> 11:59PM, Saturday, Sunday, December 25, January 1, July 4"
"QN-AZPF006-APP2","T3DEV-QNXT-PERF-RG","Mountain Standard Time;12:00AM -> 6:00AM,6PM -> 11:59PM, Saturday, Sunday, December 25, January 1, July 4"
"QN-AZPF006-APP3","T3DEV-QNXT-PERF-RG","Mountain Standard Time;12:00AM -> 6:00AM,6PM -> 11:59PM, Saturday, Sunday, December 25, January 1, July 4"
"QN-AZPF006-APP4","T3DEV-QNXT-PERF-RG","Mountain Standard Time;12:00AM -> 6:00AM,6PM -> 11:59PM, Saturday, Sunday, December 25, January 1, July 4"
"QN-AZPF006-APP5","T3DEV-QNXT-PERF-RG","Mountain Standard Time;12:00AM -> 6:00AM,6PM -> 11:59PM, Saturday, Sunday, December 25, January 1, July 4"
"QN-AZPF006-APP6","T3DEV-QNXT-PERF-RG","Mountain Standard Time;12:00AM -> 6:00AM,6PM -> 11:59PM, Saturday, Sunday, December 25, January 1, July 4"
"QN-AZPF006-BIZ1","T3DEV-QNXT-PERF-RG","Mountain Standard Time;12:00AM -> 6:00AM,6PM -> 11:59PM, Saturday, Sunday, December 25, January 1, July 4"
"QN-AZPF006-HUB1","T3DEV-QNXT-PERF-RG","Mountain Standard Time;12:00AM -> 6:00AM,6PM -> 11:59PM, Saturday, Sunday, December 25, January 1, July 4"
"QN-AZPF008-APP1","T3DEV-QNXT-PERF-RG","Mountain Standard Time;12:00AM -> 6:00AM,6PM -> 11:59PM, Saturday, Sunday, December 25, January 1, July 4"
"QN-AZPF008-APP2","T3DEV-QNXT-PERF-RG","Mountain Standard Time;12:00AM -> 6:00AM,6PM -> 11:59PM, Saturday, Sunday, December 25, January 1, July 4"
"QN-AZPF008-APP3","T3DEV-QNXT-PERF-RG","Mountain Standard Time;12:00AM -> 6:00AM,6PM -> 11:59PM, Saturday, Sunday, December 25, January 1, July 4"
"QN-AZPF008-APP4","T3DEV-QNXT-PERF-RG","Mountain Standard Time;12:00AM -> 6:00AM,6PM -> 11:59PM, Saturday, Sunday, December 25, January 1, July 4"
"QN-AZPF008-APP5","T3DEV-QNXT-PERF-RG","Mountain Standard Time;12:00AM -> 6:00AM,6PM -> 11:59PM, Saturday, Sunday, December 25, January 1, July 4"
"QN-AZPF008-APP6","T3DEV-QNXT-PERF-RG","Mountain Standard Time;12:00AM -> 6:00AM,6PM -> 11:59PM, Saturday, Sunday, December 25, January 1, July 4"
"QN-AZPF008-BIZ1","T3DEV-QNXT-PERF-RG","Mountain Standard Time;12:00AM -> 6:00AM,6PM -> 11:59PM, Saturday, Sunday, December 25, January 1, July 4"
"QN-AZPF008-HUB1","T3DEV-QNXT-PERF-RG","Mountain Standard Time;12:00AM -> 6:00AM,6PM -> 11:59PM, Saturday, Sunday, December 25, January 1, July 4"
"QN-AZPF008-LNX1","T3DEV-QNXT-PERF-RG","Mountain Standard Time;12:00AM -> 6:00AM,6PM -> 11:59PM, Saturday, Sunday, December 25, January 1, July 4"
"QN-AZPF008-MYQ1","T3DEV-QNXT-PERF-RG","Mountain Standard Time;12:00AM -> 6:00AM,6PM -> 11:59PM, Saturday, Sunday, December 25, January 1, July 4"
"QN-AZPF008-MYQ2","T3DEV-QNXT-PERF-RG","Mountain Standard Time;12:00AM -> 6:00AM,6PM -> 11:59PM, Saturday, Sunday, December 25, January 1, July 4"
"QN-AZPF008-MYQ3","T3DEV-QNXT-PERF-RG","Mountain Standard Time;12:00AM -> 6:00AM,6PM -> 11:59PM, Saturday, Sunday, December 25, January 1, July 4"
"QN-AZPF008-MYQ4","T3DEV-QNXT-PERF-RG","Mountain Standard Time;12:00AM -> 6:00AM,6PM -> 11:59PM, Saturday, Sunday, December 25, January 1, July 4"
"QN-PERFMYQ19","T3DEV-QNXT-PERF-RG",
"QN-PERFMYQ22","T3DEV-QNXT-PERF-RG",
"rescue-test-vm","T3DEV-QNXT-PERF-RG",
"DEMOVM1","T3DEV-QNXT-QA-RG",
"LM-TEMP-W01","T3DEV-QNXT-QA-RG",
"QN-AZPOCTEST-LNX1","T3DEV-QNXT-QA-RG",
"QN-AZQA-001","T3DEV-QNXT-QA-RG",
"QN-AZQA-DBD-01","T3DEV-QNXT-QA-RG",
"QN-AZQA-DOC-01","T3DEV-QNXT-QA-RG","Mountain Standard Time;Friday=8:00PM -> 11:59PM,Saturday,Sunday=12:00AM -> 4PM"
"QN-AZQA-DOC-02","T3DEV-QNXT-QA-RG",
"QN-AZQA-JMP-02","T3DEV-QNXT-QA-RG","Mountain Standard Time;Friday=8:00PM -> 11:59PM,Saturday,Sunday=12:00AM -> 4PM"
"QN-AZQA-LNX-02","T3DEV-QNXT-QA-RG",
"QN-AZQA-LNX-03","T3DEV-QNXT-QA-RG","Mountain Standard Time;Friday=8:00PM -> 11:59PM,Saturday,Sunday=12:00AM -> 4PM"
"QN-AZQA-LNX-05","T3DEV-QNXT-QA-RG",
"QN-AZQA-MGDB-01","T3DEV-QNXT-QA-RG",
"QN-AZQA-RPT-01","T3DEV-QNXT-QA-RG",
"QN-AZQA-RPT-02","T3DEV-QNXT-QA-RG",
"QN-AZQA-RPT-03","T3DEV-QNXT-QA-RG","Mountain Standard Time;Friday=8:00PM -> 11:59PM,Saturday,Sunday=12:00AM -> 2PM"
"QN-AZQA-RPT-04","T3DEV-QNXT-QA-RG",
"QN-AZQA-RPT-05","T3DEV-QNXT-QA-RG",
"QN-AZQA-RPT-06","T3DEV-QNXT-QA-RG","Mountain Standard Time;Friday=8:00PM -> 11:59PM,Saturday,Sunday=12:00AM -> 2PM"
"QN-AZQA-RPT-07","T3DEV-QNXT-QA-RG","Mountain Standard Time;Friday=8:00PM -> 11:59PM,Saturday,Sunday=12:00AM -> 2PM"
"qn-azqa-rpt-08","T3DEV-QNXT-QA-RG",
"QN-AZQA-SEQ-01","T3DEV-QNXT-QA-RG","Mountain Standard Time;Friday=8:00PM -> 11:59PM,Saturday,Sunday=12:00AM -> 2PM"
"QN-AZQA-SQL-01","T3DEV-QNXT-QA-RG",
"QN-AZQA-SQL-02","T3DEV-QNXT-QA-RG",
"QN-AZQA-SQL-03","T3DEV-QNXT-QA-RG",
"QN-AZQA-SQL-04","T3DEV-QNXT-QA-RG",
"QN-AZQA-SQL-05","T3DEV-QNXT-QA-RG","Mountain Standard Time;Friday=8:00PM -> 11:59PM,Saturday,Sunday=12:00AM -> 2PM"
"QN-AZQA-SQL-06","T3DEV-QNXT-QA-RG",
"QN-AZQA-SQL-07","T3DEV-QNXT-QA-RG",
"QN-AZQA-SQL-10","T3DEV-QNXT-QA-RG",
"QN-AZQA-SQL-11","T3DEV-QNXT-QA-RG",
"QN-AZQA-SQL-13","T3DEV-QNXT-QA-RG",
"QN-AZQA-TPT-01","T3DEV-QNXT-QA-RG",
"QN-AZQA-TPT-02","T3DEV-QNXT-QA-RG",
"QN-AZQA-TPT-03","T3DEV-QNXT-QA-RG","Mountain Standard Time;Friday=8:00PM -> 11:59PM,Saturday,Sunday=12:00AM -> 2PM"
"QN-AZQA-TPT-04","T3DEV-QNXT-QA-RG",
"QN-AZQA-TPT-05","T3DEV-QNXT-QA-RG","Mountain Standard Time;Friday=8:00PM -> 11:59PM,Saturday,Sunday=12:00AM -> 2PM"
"QN-AZQA-TPT-06","T3DEV-QNXT-QA-RG",
"QN-AZQA-TPT-07","T3DEV-QNXT-QA-RG","Mountain Standard Time;Friday=8:00PM -> 11:59PM,Saturday,Sunday=12:00AM -> 2PM"
"QN-AZQA-TPT-08","T3DEV-QNXT-QA-RG","Mountain Standard Time;Friday=8:00PM -> 11:59PM,Saturday,Sunday=12:00AM -> 2PM"
"QN-AZQA004-APP1","T3DEV-QNXT-QA-RG",
"QN-AZQA004-BIZ1","T3DEV-QNXT-QA-RG",
"QN-AZQA004-HUB1","T3DEV-QNXT-QA-RG",
"QN-AZQA005-APP1","T3DEV-QNXT-QA-RG",
"QN-AZQA005-BIZ1","T3DEV-QNXT-QA-RG",
"QN-AZQA005-HUB1","T3DEV-QNXT-QA-RG",
"QN-AZQA006-APP1","T3DEV-QNXT-QA-RG",
"QN-AZQA006-BIZ1","T3DEV-QNXT-QA-RG",
"QN-AZQA006-HUB1","T3DEV-QNXT-QA-RG",
"QN-AZQA007-APP1","T3DEV-QNXT-QA-RG",
"QN-AZQA007-BIZ1","T3DEV-QNXT-QA-RG",
"QN-AZQA007-HUB1","T3DEV-QNXT-QA-RG",
"QN-AZQA008-APP1","T3DEV-QNXT-QA-RG","Mountain Standard Time;Friday=8:00PM -> 11:59PM,Saturday,Sunday=12:00AM -> 2PM"
"QN-AZQA008-BIZ1","T3DEV-QNXT-QA-RG",
"QN-AZQA008-HUB1","T3DEV-QNXT-QA-RG","Mountain Standard Time;Friday=8:00PM -> 11:59PM,Saturday,Sunday=12:00AM -> 2PM"
"QN-AZQA010-APP1","T3DEV-QNXT-QA-RG",
"QN-AZQA010-BIZ1","T3DEV-QNXT-QA-RG",
"QN-AZQA010-HUB1","T3DEV-QNXT-QA-RG",
"QN-AZQA012-APP2","T3DEV-QNXT-QA-RG",
"QN-AZQA012-BIZ1","T3DEV-QNXT-QA-RG",
"QN-AZQA012-HUB1","T3DEV-QNXT-QA-RG",
"QN-AZQA012-MYQ1","T3DEV-QNXT-QA-RG",
"qn-azqa014-app1","T3DEV-QNXT-QA-RG",
"qn-azqa014-biz1","T3DEV-QNXT-QA-RG",
"qn-azqa014-hub1","T3DEV-QNXT-QA-RG",
"qn-azqa014-myq1","T3DEV-QNXT-QA-RG",
"QN-AZQA015-APP1","T3DEV-QNXT-QA-RG",
"QN-AZQA015-BIZ1","T3DEV-QNXT-QA-RG",
"QN-AZQA015-HUB1","T3DEV-QNXT-QA-RG",
"QN-AZQA015-LNX1","T3DEV-QNXT-QA-RG",
"QN-AZQA015-MYQ1","T3DEV-QNXT-QA-RG",
"QN-AZQA016-APP1","T3DEV-QNXT-QA-RG",
"QN-AZQA016-BIZ1","T3DEV-QNXT-QA-RG",
"QN-AZQA016-HUB1","T3DEV-QNXT-QA-RG",
"QN-AZQA016-LNX1","T3DEV-QNXT-QA-RG",
"QN-AZQA016-MYQ1","T3DEV-QNXT-QA-RG",
"QN-AZQA017-app1","T3DEV-QNXT-QA-RG",
"QN-AZQA017-BIZ1","T3DEV-QNXT-QA-RG",
"QN-AZQA017-Hub1","T3DEV-QNXT-QA-RG",
"QN-AZQA018-App1","T3DEV-QNXT-QA-RG",
"QN-AZQA018-Biz1","T3DEV-QNXT-QA-RG",
"QN-AZQA018-hub1","T3DEV-QNXT-QA-RG",
"QN-AZQA019-App1","T3DEV-QNXT-QA-RG",
"QN-AZQA019-Biz1","T3DEV-QNXT-QA-RG",
"QN-AZQA019-Hub1","T3DEV-QNXT-QA-RG",
"QN-AZQA020-App1","T3DEV-QNXT-QA-RG",
"QN-AZQA020-Biz1","T3DEV-QNXT-QA-RG",
"QN-AZQA020-Hub1","T3DEV-QNXT-QA-RG",
"QN-AZQA021-APP1","T3DEV-QNXT-QA-RG",
"QN-AZQA021-BIZ1","T3DEV-QNXT-QA-RG",
"QN-AZQA021-HUB1","T3DEV-QNXT-QA-RG",
"QN-AZQA022-APP1","T3DEV-QNXT-QA-RG",
"QN-AZQA022-BIZ1","T3DEV-QNXT-QA-RG",
"QN-AZQA022-HUB1","T3DEV-QNXT-QA-RG",
"QN-AZQA023-APP1","T3DEV-QNXT-QA-RG",
"QN-AZQA023-BIZ1","T3DEV-QNXT-QA-RG",
"QN-AZQA023-HUB1","T3DEV-QNXT-QA-RG",
"QN-AZQA023-LNX1","T3DEV-QNXT-QA-RG",
"QN-AZQA024-APP1","T3DEV-QNXT-QA-RG",
"QN-AZQA024-BIZ1","T3DEV-QNXT-QA-RG",
"QN-AZQA024-HUB1","T3DEV-QNXT-QA-RG",
"QN-AZQA025-APP1","T3DEV-QNXT-QA-RG",
"QN-AZQA025-BIZ1","T3DEV-QNXT-QA-RG",
"QN-AZQA025-HUB1","T3DEV-QNXT-QA-RG",
"QN-AZQA025-MYQ1","T3DEV-QNXT-QA-RG",
"QN-AZQA026-APP1","T3DEV-QNXT-QA-RG",
"QN-AZQA026-BIZ1","T3DEV-QNXT-QA-RG",
"QN-AZQA026-HUB1","T3DEV-QNXT-QA-RG",
"QN-AZQA027-APP1","T3DEV-QNXT-QA-RG",
"QN-AZQA027-BIZ1","T3DEV-QNXT-QA-RG",
"QN-AZQA027-HUB1","T3DEV-QNXT-QA-RG",
"QN-AZQA027-LNX1","T3DEV-QNXT-QA-RG",
"QN-AZQA028-APP1","T3DEV-QNXT-QA-RG",
"QN-AZQA028-BIZ1","T3DEV-QNXT-QA-RG",
"QN-AZQA028-HUB1","T3DEV-QNXT-QA-RG",
"QN-AZQA030-APP1","T3DEV-QNXT-QA-RG",
"QN-AZQA030-BIZ1","T3DEV-QNXT-QA-RG",
"QN-AZQA030-HUB1","T3DEV-QNXT-QA-RG",
"QN-AZQA030-MYQ1","T3DEV-QNXT-QA-RG","Mountain Standard Time;Friday=8:00PM -> 11:59PM,Saturday,Sunday=12:00AM -> 4PM"
"QN-AZQA031-APP1","T3DEV-QNXT-QA-RG",
"QN-AZQA031-BIZ1","T3DEV-QNXT-QA-RG",
"QN-AZQA031-HUB1","T3DEV-QNXT-QA-RG",
"QN-AZQA031-MYQ1","T3DEV-QNXT-QA-RG",
"QN-AZQA032-APP1","T3DEV-QNXT-QA-RG",
"QN-AZQA032-BIZ1","T3DEV-QNXT-QA-RG",
"QN-AZQA032-HUB1","T3DEV-QNXT-QA-RG",
"QN-AZQA032-MYQ1","T3DEV-QNXT-QA-RG",
"QN-AZQA033-APP1","T3DEV-QNXT-QA-RG",
"QN-AZQA033-BIZ1","T3DEV-QNXT-QA-RG",
"QN-AZQA033-HUB1","T3DEV-QNXT-QA-RG",
"QN-AZQA033-MYQ1","T3DEV-QNXT-QA-RG",
"QN-AZQA035-APP1","T3DEV-QNXT-QA-RG",
"QN-AZQA035-BIZ1","T3DEV-QNXT-QA-RG",
"QN-AZQA035-HUB1","T3DEV-QNXT-QA-RG",
"QN-AZQA035-MYQ1","T3DEV-QNXT-QA-RG",
"QN-AZQA036-APP1","T3DEV-QNXT-QA-RG",
"QN-AZQA036-BIZ1","T3DEV-QNXT-QA-RG",
"QN-AZQA036-HUB1","T3DEV-QNXT-QA-RG",
"QN-AZQA036-MYQ1","T3DEV-QNXT-QA-RG",
"QN-AZQA037-APP1","T3DEV-QNXT-QA-RG",
"QN-AZQA037-BIZ1","T3DEV-QNXT-QA-RG",
"QN-AZQA037-HUB1","T3DEV-QNXT-QA-RG",
"QN-AZQA037-MYQ1","T3DEV-QNXT-QA-RG",
"QN-AZQA038-APP1","T3DEV-QNXT-QA-RG",
"QN-AZQA038-BIZ1","T3DEV-QNXT-QA-RG",
"QN-AZQA038-HUB1","T3DEV-QNXT-QA-RG",
"QN-AZQA040-APP1","T3DEV-QNXT-QA-RG",
"QN-AZQA040-BIZ1","T3DEV-QNXT-QA-RG",
"QN-AZQA040-HUB1","T3DEV-QNXT-QA-RG",
"QN-AZQA041-APP1","T3DEV-QNXT-QA-RG",
"QN-AZQA041-BIZ1","T3DEV-QNXT-QA-RG",
"QN-AZQA041-HUB1","T3DEV-QNXT-QA-RG",
"QN-AZQA041-MYQ1","T3DEV-QNXT-QA-RG",
"QN-AZQA042-APP1","T3DEV-QNXT-QA-RG",
"QN-AZQA042-BIZ1","T3DEV-QNXT-QA-RG",
"QN-AZQA042-HUB1","T3DEV-QNXT-QA-RG",
"QN-AZQA043-APP1","T3DEV-QNXT-QA-RG",
"QN-AZQA043-BIZ1","T3DEV-QNXT-QA-RG",
"QN-AZQA043-HUB1","T3DEV-QNXT-QA-RG",
"QN-AZQA043-LNX1","T3DEV-QNXT-QA-RG",
"QN-AZQA043-MYQ1","T3DEV-QNXT-QA-RG",
"QN-AZQA044-APP1","T3DEV-QNXT-QA-RG",
"QN-AZQA044-BIZ1","T3DEV-QNXT-QA-RG",
"QN-AZQA044-HUB1","T3DEV-QNXT-QA-RG",
"QN-AZQA105-App1","T3DEV-QNXT-QA-RG",
"QN-AZQA105-Hub1","T3DEV-QNXT-QA-RG",
"QN-AZQA105-Myq1","T3DEV-QNXT-QA-RG",
"QN-AZQA107-APP1","T3DEV-QNXT-QA-RG",
"QN-AZQA107-BIZ1","T3DEV-QNXT-QA-RG",
"QN-AZQA107-HUB1","T3DEV-QNXT-QA-RG",
"QN-AZQA108-APP1","T3DEV-QNXT-QA-RG",
"QN-AZQA108-BIZ1","T3DEV-QNXT-QA-RG",
"QN-AZQA108-HUB1","T3DEV-QNXT-QA-RG",
"QN-AZQA109-APP1","T3DEV-QNXT-QA-RG",
"QN-AZQA109-BIZ1","T3DEV-QNXT-QA-RG",
"QN-AZQA109-HUB1","T3DEV-QNXT-QA-RG",
"QN-AZQA109-LNX4","T3DEV-QNXT-QA-RG",
"QN-AZQA109-LNX5","T3DEV-QNXT-QA-RG",
"QN-AZQA109-LNX6","T3DEV-QNXT-QA-RG",
"QN-AZQA110-App1","T3DEV-QNXT-QA-RG",
"QN-AZQA110-Biz1","T3DEV-QNXT-QA-RG",
"QN-AZQA110-Hub1","T3DEV-QNXT-QA-RG",
"QN-AZQA118-APP1","T3DEV-QNXT-QA-RG",
"QN-AZQA118-BIZ1","T3DEV-QNXT-QA-RG",
"QN-AZQA118-HUB1","T3DEV-QNXT-QA-RG",
"QN-AZQA120-APP1","T3DEV-QNXT-QA-RG",
"QN-AZQA120-Biz1","T3DEV-QNXT-QA-RG",
"QN-AZQA120-HUB1","T3DEV-QNXT-QA-RG",
"QN-AZQA200-APP1","T3DEV-QNXT-QA-RG","Mountain Standard Time;Friday=8:00PM -> 11:59PM,Saturday,Sunday=12:00AM -> 2PM"
"QN-AZQA200-BIZ1","T3DEV-QNXT-QA-RG","Mountain Standard Time;Friday=8:00PM -> 11:59PM,Saturday,Sunday=12:00AM -> 2PM"
"QN-AZQA200-HUB1","T3DEV-QNXT-QA-RG","Mountain Standard Time;Friday=8:00PM -> 11:59PM,Saturday,Sunday=12:00AM -> 2PM"
"QN-AZQA200-MYQ1","T3DEV-QNXT-QA-RG",
"QN-AZQA200-MYQ2","T3DEV-QNXT-QA-RG","Mountain Standard Time;Friday=8:00PM -> 11:59PM,Saturday,Sunday=12:00AM -> 2PM"
"QN-AZQA201-APP1","T3DEV-QNXT-QA-RG",
"QN-AZQA201-BIZ1","T3DEV-QNXT-QA-RG",
"QN-AZQA201-HUB1","T3DEV-QNXT-QA-RG",
"QN-AZQA201-MYQ1","T3DEV-QNXT-QA-RG",
"QN-AZQA2019","T3DEV-QNXT-QA-RG",
"QN-AZQA202-APP1","T3DEV-QNXT-QA-RG",
"QN-AZQA202-BIZ1","T3DEV-QNXT-QA-RG",
"QN-AZQA202-HUB1","T3DEV-QNXT-QA-RG",
"QN-AZQA202-MYQ1","T3DEV-QNXT-QA-RG",
"QN-AZQA203-APP1","T3DEV-QNXT-QA-RG",
"QN-AZQA203-BIZ1","T3DEV-QNXT-QA-RG",
"QN-AZQA203-HUB1","T3DEV-QNXT-QA-RG",
"QN-AZQA203-MYQ1","T3DEV-QNXT-QA-RG",
"QN-AZQA203-MYQ2","T3DEV-QNXT-QA-RG",
"QN-AZQA203-MYQ3","T3DEV-QNXT-QA-RG",
"QN-AZQA203-MYQ4","T3DEV-QNXT-QA-RG",
"QN-AZQA204-APP1","T3DEV-QNXT-QA-RG",
"QN-AZQA204-BIZ1","T3DEV-QNXT-QA-RG",
"QN-AZQA204-HUB1","T3DEV-QNXT-QA-RG",
"QN-AZQA204-MYQ1","T3DEV-QNXT-QA-RG",
"QN-AZQA205-APP1","T3DEV-QNXT-QA-RG",
"QN-AZQA205-BIZ1","T3DEV-QNXT-QA-RG",
"QN-AZQA205-HUB1","T3DEV-QNXT-QA-RG",
"QN-AZQA205-MYQ1","T3DEV-QNXT-QA-RG",
"QN-AZQA206-APP1","T3DEV-QNXT-QA-RG","Mountain Standard Time;Friday=8:00PM -> 11:59PM,Saturday,Sunday=12:00AM -> 2PM"
"QN-AZQA206-BIZ1","T3DEV-QNXT-QA-RG","Mountain Standard Time;Friday=8:00PM -> 11:59PM,Saturday,Sunday=12:00AM -> 2PM"
"QN-AZQA206-HUB1","T3DEV-QNXT-QA-RG","Mountain Standard Time;Friday=8:00PM -> 11:59PM,Saturday,Sunday=12:00AM -> 2PM"
"QN-AZQA206-MYQ1","T3DEV-QNXT-QA-RG",
"QN-AZQA206-MYQ2","T3DEV-QNXT-QA-RG","Mountain Standard Time;Friday=8:00PM -> 11:59PM,Saturday,Sunday=12:00AM -> 2PM"
"QN-AZQA207-APP1","T3DEV-QNXT-QA-RG",
"QN-AZQA207-BIZ1","T3DEV-QNXT-QA-RG",
"QN-AZQA207-HUB1","T3DEV-QNXT-QA-RG",
"QN-AZQA208-APP1","T3DEV-QNXT-QA-RG",
"QN-AZQA208-BIZ1","T3DEV-QNXT-QA-RG",
"QN-AZQA208-HUB1","T3DEV-QNXT-QA-RG",
"QN-AZQA209-APP1","T3DEV-QNXT-QA-RG",
"QN-AZQA209-BIZ1","T3DEV-QNXT-QA-RG",
"QN-AZQA209-HUB1","T3DEV-QNXT-QA-RG",
"QN-AZQA209-LNX1","T3DEV-QNXT-QA-RG",
"QN-AZQA209-LNX2","T3DEV-QNXT-QA-RG",
"QN-AZQA209-LNX3","T3DEV-QNXT-QA-RG",
"QN-AZQA210-APP1","T3DEV-QNXT-QA-RG",
"QN-AZQA210-BIZ1","T3DEV-QNXT-QA-RG",
"QN-AZQA210-HUB1","T3DEV-QNXT-QA-RG",
"QN-AZQA210-MYQ1","T3DEV-QNXT-QA-RG",
"QN-AZQA211-APP1","T3DEV-QNXT-QA-RG",
"QN-AZQA211-BIZ1","T3DEV-QNXT-QA-RG",
"QN-AZQA211-HUB1","T3DEV-QNXT-QA-RG",
"QN-AZQA211-LNX1","T3DEV-QNXT-QA-RG",
"QN-AZQA211-MYQ1","T3DEV-QNXT-QA-RG",
"QN-AZQA211-MYQ2","T3DEV-QNXT-QA-RG",
"QN-AZQA211-MYQ3","T3DEV-QNXT-QA-RG",
"QN-AZQA212-APP1","T3DEV-QNXT-QA-RG",
"QN-AZQA212-BIZ1","T3DEV-QNXT-QA-RG",
"QN-AZQA212-HUB1","T3DEV-QNXT-QA-RG",
"QN-AZQA212-MYQ1","T3DEV-QNXT-QA-RG",
"QN-AZQA213-APP1","T3DEV-QNXT-QA-RG","Mountain Standard Time;Friday=8:00PM -> 11:59PM,Saturday,Sunday=12:00AM -> 2PM"
"QN-AZQA213-BIZ1","T3DEV-QNXT-QA-RG","Mountain Standard Time;Friday=8:00PM -> 11:59PM,Saturday,Sunday=12:00AM -> 2PM"
"QN-AZQA213-HUB1","T3DEV-QNXT-QA-RG","Mountain Standard Time;Friday=8:00PM -> 11:59PM,Saturday,Sunday=12:00AM -> 2PM"
"QN-AZQA213-MYQ1","T3DEV-QNXT-QA-RG","Mountain Standard Time;Friday=8:00PM -> 11:59PM,Saturday,Sunday=12:00AM -> 2PM"
"QN-AZQA213-MYQ2","T3DEV-QNXT-QA-RG","Mountain Standard Time;Friday=8:00PM -> 11:59PM,Saturday,Sunday=12:00AM -> 2PM"
"QN-AZQA213-MYQ3","T3DEV-QNXT-QA-RG","Mountain Standard Time;Friday=8:00PM -> 11:59PM,Saturday,Sunday=12:00AM -> 2PM"
"QN-AZQA214-APP1","T3DEV-QNXT-QA-RG",
"QN-AZQA214-BIZ1","T3DEV-QNXT-QA-RG",
"QN-AZQA214-HUB1","T3DEV-QNXT-QA-RG",
"QN-AZQA215-APP1","T3DEV-QNXT-QA-RG",
"QN-AZQA215-BIZ1","T3DEV-QNXT-QA-RG",
"QN-AZQA215-HUB1","T3DEV-QNXT-QA-RG",
"QN-AZQA215-LNX1","T3DEV-QNXT-QA-RG",
"QN-AZQA215-LNX2","T3DEV-QNXT-QA-RG",
"QN-AZQA215-LNX3","T3DEV-QNXT-QA-RG",
"QN-AZQA216-APP1","T3DEV-QNXT-QA-RG",
"QN-AZQA218-APP1","T3DEV-QNXT-QA-RG",
"QN-AZQA218-BIZ1","T3DEV-QNXT-QA-RG",
"QN-AZQA218-HUB1","T3DEV-QNXT-QA-RG",
"QN-AZQA219-APP1","T3DEV-QNXT-QA-RG",
"QN-AZQA219-BIZ1","T3DEV-QNXT-QA-RG",
"QN-AZQA219-HUB1","T3DEV-QNXT-QA-RG",
"QN-AZQA219-LNX1","T3DEV-QNXT-QA-RG",
"QN-AZQA219-MYQ1","T3DEV-QNXT-QA-RG",
"QN-AZQA220-APP1","T3DEV-QNXT-QA-RG",
"QN-AZQA220-BIZ1","T3DEV-QNXT-QA-RG",
"QN-AZQA220-HUB1","T3DEV-QNXT-QA-RG",
"QN-AZQA221-APP1","T3DEV-QNXT-QA-RG",
"QN-AZQA221-BIZ1","T3DEV-QNXT-QA-RG",
"QN-AZQA221-HUB1","T3DEV-QNXT-QA-RG",
"QN-AZQA222-APP1","T3DEV-QNXT-QA-RG","Mountain Standard Time;Friday=8:00PM -> 11:59PM,Saturday,Sunday=12:00AM -> 2PM"
"QN-AZQA222-BIZ1","T3DEV-QNXT-QA-RG","Mountain Standard Time;Friday=8:00PM -> 11:59PM,Saturday,Sunday=12:00AM -> 2PM"
"QN-AZQA222-HUB1","T3DEV-QNXT-QA-RG","Mountain Standard Time;Friday=8:00PM -> 11:59PM,Saturday,Sunday=12:00AM -> 2PM"
"QN-AZQA222-MYQ1","T3DEV-QNXT-QA-RG","Mountain Standard Time;Friday=8:00PM -> 11:59PM,Saturday,Sunday=12:00AM -> 2PM"
"QN-AZQA223-APP1","T3DEV-QNXT-QA-RG",
"QN-AZQA223-BIZ1","T3DEV-QNXT-QA-RG",
"QN-AZQA223-HUB1","T3DEV-QNXT-QA-RG",
"QN-AZQA224-APP1","T3DEV-QNXT-QA-RG",
"QN-AZQA224-BIZ1","T3DEV-QNXT-QA-RG",
"QN-AZQA224-HUB1","T3DEV-QNXT-QA-RG",
"QN-AZQA224-LNX1","T3DEV-QNXT-QA-RG",
"QN-AZQA224-MYQ1","T3DEV-QNXT-QA-RG",
"QN-AZQA225-APP1","T3DEV-QNXT-QA-RG",
"QN-AZQA225-BIZ1","T3DEV-QNXT-QA-RG",
"QN-AZQA225-HUB1","T3DEV-QNXT-QA-RG",
"QN-AZQA226-APP1","T3DEV-QNXT-QA-RG",
"QN-AZQA226-BIZ1","T3DEV-QNXT-QA-RG",
"QN-AZQA226-HUB1","T3DEV-QNXT-QA-RG",
"QN-AZQA226-LNX1","T3DEV-QNXT-QA-RG",
"QN-AZQA227-APP1","T3DEV-QNXT-QA-RG",
"QN-AZQA227-BIZ1","T3DEV-QNXT-QA-RG",
"QN-AZQA227-HUB1","T3DEV-QNXT-QA-RG",
"QN-AZQA227-LNX1","T3DEV-QNXT-QA-RG",
"QN-AZQA230-APP1","T3DEV-QNXT-QA-RG",
"QN-AZQA230-BIZ1","T3DEV-QNXT-QA-RG",
"QN-AZQA230-HUB1","T3DEV-QNXT-QA-RG",
"QN-AZQA230-MYQ1","T3DEV-QNXT-QA-RG","Mountain Standard Time;Friday=8:00PM -> 11:59PM,Saturday,Sunday=12:00AM -> 2PM"
"QN-AZQA231-APP1","T3DEV-QNXT-QA-RG",
"QN-AZQA231-BIZ1","T3DEV-QNXT-QA-RG",
"QN-AZQA231-HUB1","T3DEV-QNXT-QA-RG",
"QN-AZQA232-APP1","T3DEV-QNXT-QA-RG",
"QN-AZQA232-BIZ1","T3DEV-QNXT-QA-RG",
"QN-AZQA232-HUB1","T3DEV-QNXT-QA-RG",
"QN-AZQA232-LNX1","T3DEV-QNXT-QA-RG",
"QN-AZQA232-MYQ1","T3DEV-QNXT-QA-RG",
"QN-AZQA233-APP1","T3DEV-QNXT-QA-RG",
"QN-AZQA233-BIZ1","T3DEV-QNXT-QA-RG",
"QN-AZQA233-HUB1","T3DEV-QNXT-QA-RG",
"QN-AZQA234-APP1","T3DEV-QNXT-QA-RG",
"QN-AZQA234-BIZ1","T3DEV-QNXT-QA-RG",
"QN-AZQA234-HUB1","T3DEV-QNXT-QA-RG",
"QN-AZQA234-MYQ1","T3DEV-QNXT-QA-RG",
"QN-AZQA235-App1","T3DEV-QNXT-QA-RG",
"QN-AZQA235-Biz1","T3DEV-QNXT-QA-RG",
"QN-AZQA235-Hub1","T3DEV-QNXT-QA-RG",
"QN-AZQA236-APP1","T3DEV-QNXT-QA-RG",
"QN-AZQA236-BIZ1","T3DEV-QNXT-QA-RG",
"QN-AZQA236-HUB1","T3DEV-QNXT-QA-RG",
"QN-AZQA236-LNX1","T3DEV-QNXT-QA-RG",
"QN-AZQA236-MYQ1","T3DEV-QNXT-QA-RG",
"QN-AZQA237-APP1","T3DEV-QNXT-QA-RG",
"QN-AZQA237-BIZ1","T3DEV-QNXT-QA-RG",
"QN-AZQA237-HUB1","T3DEV-QNXT-QA-RG",
"QN-AZQA238-APP1","T3DEV-QNXT-QA-RG",
"QN-AZQA238-BIZ1","T3DEV-QNXT-QA-RG",
"QN-AZQA238-HUB1","T3DEV-QNXT-QA-RG",
"QN-AZQA238-MYQ1","T3DEV-QNXT-QA-RG",
"QN-AZQA239-APP1","T3DEV-QNXT-QA-RG",
"QN-AZQA239-BIZ1","T3DEV-QNXT-QA-RG",
"QN-AZQA239-HUB1","T3DEV-QNXT-QA-RG",
"QN-AZQA239-LNX1","T3DEV-QNXT-QA-RG",
"QN-AZQA239-MYQ1","T3DEV-QNXT-QA-RG",
"QN-AZQA250-APP1","T3DEV-QNXT-QA-RG",
"QN-AZQA250-BIZ2","T3DEV-QNXT-QA-RG",
"QN-AZQA250-HUB1","T3DEV-QNXT-QA-RG",
"QN-AZQA250-LNX1","T3DEV-QNXT-QA-RG",
"QN-AZQA250-MYQ1","T3DEV-QNXT-QA-RG",
"QN-AZQA300-APP1","T3DEV-QNXT-QA-RG","Mountain Standard Time;Friday=8:00PM -> 11:59PM,Saturday,Sunday=12:00AM -> 2PM"
"QN-AZQA300-BIZ1","T3DEV-QNXT-QA-RG","Mountain Standard Time;Friday=8:00PM -> 11:59PM,Saturday,Sunday=12:00AM -> 2PM"
"QN-AZQA300-HUB1","T3DEV-QNXT-QA-RG","Mountain Standard Time;Friday=8:00PM -> 11:59PM,Saturday,Sunday=12:00AM -> 2PM"
"QN-AZQA300-MYQ1","T3DEV-QNXT-QA-RG","Mountain Standard Time;Friday=8:00PM -> 11:59PM,Saturday,Sunday=12:00AM -> 2PM"
"QN-AZQA301-APP1","T3DEV-QNXT-QA-RG","Mountain Standard Time;Friday=8:00PM -> 11:59PM,Saturday,Sunday=12:00AM -> 2PM"
"QN-AZQA301-BIZ1","T3DEV-QNXT-QA-RG","Mountain Standard Time;Friday=8:00PM -> 11:59PM,Saturday,Sunday=12:00AM -> 2PM"
"QN-AZQA301-HUB1","T3DEV-QNXT-QA-RG","Mountain Standard Time;Friday=8:00PM -> 11:59PM,Saturday,Sunday=12:00AM -> 2PM"
"QN-AZQA301-LNX1","T3DEV-QNXT-QA-RG","Mountain Standard Time;Friday=8:00PM -> 11:59PM,Saturday,Sunday=12:00AM -> 2PM"
"QN-AZQA301-MYQ1","T3DEV-QNXT-QA-RG","Mountain Standard Time;Friday=8:00PM -> 11:59PM,Saturday,Sunday=12:00AM -> 2PM"
"QN-AZQA302-APP1","T3DEV-QNXT-QA-RG","Mountain Standard Time;Friday=8:00PM -> 11:59PM,Saturday,Sunday=12:00AM -> 2PM"
"QN-AZQA302-BIZ1","T3DEV-QNXT-QA-RG","Mountain Standard Time;Friday=8:00PM -> 11:59PM,Saturday,Sunday=12:00AM -> 2PM"
"QN-AZQA302-HUB1","T3DEV-QNXT-QA-RG","Mountain Standard Time;Friday=8:00PM -> 11:59PM,Saturday,Sunday=12:00AM -> 2PM"
"QN-AZQA302-MYQ1","T3DEV-QNXT-QA-RG","Mountain Standard Time;Friday=8:00PM -> 11:59PM,Saturday,Sunday=12:00AM -> 2PM"
"QN-AZQA303-APP1","T3DEV-QNXT-QA-RG","Mountain Standard Time;Friday=8:00PM -> 11:59PM,Saturday,Sunday=12:00AM -> 2PM"
"QN-AZQA303-BIZ1","T3DEV-QNXT-QA-RG","Mountain Standard Time;Friday=8:00PM -> 11:59PM,Saturday,Sunday=12:00AM -> 2PM"
"QN-AZQA303-HUB1","T3DEV-QNXT-QA-RG","Mountain Standard Time;Friday=8:00PM -> 11:59PM,Saturday,Sunday=12:00AM -> 2PM"
"QN-AZQA303-MYQ1","T3DEV-QNXT-QA-RG","Mountain Standard Time;Friday=8:00PM -> 11:59PM,Saturday,Sunday=12:00AM -> 2PM"
"QN-AZQA305-APP1","T3DEV-QNXT-QA-RG","Mountain Standard Time;Friday=8:00PM -> 11:59PM,Saturday,Sunday=12:00AM -> 2PM"
"QN-AZQA305-BIZ1","T3DEV-QNXT-QA-RG","Mountain Standard Time;Friday=8:00PM -> 11:59PM,Saturday,Sunday=12:00AM -> 2PM"
"QN-AZQA305-HUB1","T3DEV-QNXT-QA-RG","Mountain Standard Time;Friday=8:00PM -> 11:59PM,Saturday,Sunday=12:00AM -> 2PM"
"QN-AZQA305-LNX1","T3DEV-QNXT-QA-RG","Mountain Standard Time;Friday=8:00PM -> 11:59PM,Saturday,Sunday=12:00AM -> 2PM"
"QN-AZQA305-MYQ1","T3DEV-QNXT-QA-RG","Mountain Standard Time;Friday=8:00PM -> 11:59PM,Saturday,Sunday=12:00AM -> 2PM"
"QN-AZQA306-APP1","T3DEV-QNXT-QA-RG",
"QN-AZQA306-BIZ1","T3DEV-QNXT-QA-RG",
"QN-AZQA306-HUB1","T3DEV-QNXT-QA-RG",
"QN-AZQA306-LNX1","T3DEV-QNXT-QA-RG",
"QN-AZQA306-MYQ1","T3DEV-QNXT-QA-RG",
"QN-AZQA307-APP1","T3DEV-QNXT-QA-RG","Mountain Standard Time;Friday=8:00PM -> 11:59PM,Saturday,Sunday=12:00AM -> 2PM"
"QN-AZQA307-BIZ1","T3DEV-QNXT-QA-RG","Mountain Standard Time;Friday=8:00PM -> 11:59PM,Saturday,Sunday=12:00AM -> 2PM"
"QN-AZQA307-HUB1","T3DEV-QNXT-QA-RG","Mountain Standard Time;Friday=8:00PM -> 11:59PM,Saturday,Sunday=12:00AM -> 2PM"
"QN-AZQA308-APP1","T3DEV-QNXT-QA-RG","Mountain Standard Time;Friday=8:00PM -> 11:59PM,Saturday,Sunday=12:00AM -> 2PM"
"QN-AZQA308-BIZ1","T3DEV-QNXT-QA-RG","Mountain Standard Time;Friday=8:00PM -> 11:59PM,Saturday,Sunday=12:00AM -> 2PM"
"QN-AZQA308-HUB1","T3DEV-QNXT-QA-RG","Mountain Standard Time;Friday=8:00PM -> 11:59PM,Saturday,Sunday=12:00AM -> 2PM"
"QN-AZQA309-APP1","T3DEV-QNXT-QA-RG","Mountain Standard Time;Friday=8:00PM -> 11:59PM,Saturday,Sunday=12:00AM -> 2PM"
"QN-AZQA309-BIZ1","T3DEV-QNXT-QA-RG","Mountain Standard Time;Friday=8:00PM -> 11:59PM,Saturday,Sunday=12:00AM -> 2PM"
"QN-AZQA309-HUB1","T3DEV-QNXT-QA-RG","Mountain Standard Time;Friday=8:00PM -> 11:59PM,Saturday,Sunday=12:00AM -> 2PM"
"QN-AZQA309-LNX1","T3DEV-QNXT-QA-RG","Mountain Standard Time;Friday=8:00PM -> 11:59PM,Saturday,Sunday=12:00AM -> 2PM"
"QN-AZQA309-LNX2","T3DEV-QNXT-QA-RG","Mountain Standard Time;Friday=8:00PM -> 11:59PM,Saturday,Sunday=12:00AM -> 2PM"
"QN-AZQA309-LNX3","T3DEV-QNXT-QA-RG","Mountain Standard Time;Friday=8:00PM -> 11:59PM,Saturday,Sunday=12:00AM -> 2PM"
"QN-AZQA309-MYQ1","T3DEV-QNXT-QA-RG","Mountain Standard Time;Friday=8:00PM -> 11:59PM,Saturday,Sunday=12:00AM -> 2PM"
"QN-AZQA310-APP1","T3DEV-QNXT-QA-RG","Mountain Standard Time;Friday=8:00PM -> 11:59PM,Saturday,Sunday=12:00AM -> 2PM"
"QN-AZQA310-BIZ1","T3DEV-QNXT-QA-RG","Mountain Standard Time;Friday=8:00PM -> 11:59PM,Saturday,Sunday=12:00AM -> 2PM"
"QN-AZQA310-HUB1","T3DEV-QNXT-QA-RG","Mountain Standard Time;Friday=8:00PM -> 11:59PM,Saturday,Sunday=12:00AM -> 2PM"
"QN-AZQA310-MYQ1","T3DEV-QNXT-QA-RG","Mountain Standard Time;Friday=8:00PM -> 11:59PM,Saturday,Sunday=12:00AM -> 2PM"
"QN-AZQA320-APP1","T3DEV-QNXT-QA-RG",
"QN-AZQA320-BIZ1","T3DEV-QNXT-QA-RG",
"QN-AZQA320-HUB1","T3DEV-QNXT-QA-RG",
"QN-AZQA320-MYQ1","T3DEV-QNXT-QA-RG",
"QN-AZQA321-APP1","T3DEV-QNXT-QA-RG",
"QN-AZQA321-HUB1","T3DEV-QNXT-QA-RG",
"QN-AZQA321-MYQ1","T3DEV-QNXT-QA-RG",
"QN-AZQA340-APP1","T3DEV-QNXT-QA-RG",
"QN-AZQA340-BIZ1","T3DEV-QNXT-QA-RG",
"QN-AZQA340-HUB1","T3DEV-QNXT-QA-RG",
"QN-AZQA340-MYQ1","T3DEV-QNXT-QA-RG",
"QN-AZQA342-APP1","T3DEV-QNXT-QA-RG",
"QN-AZQA342-BIZ1","T3DEV-QNXT-QA-RG",
"QN-AZQA342-HUB1","T3DEV-QNXT-QA-RG",
"QN-AZQA342-LNX1","T3DEV-QNXT-QA-RG",
"QN-AZQA342-MYQ1","T3DEV-QNXT-QA-RG",
"QN-AZQA390-APP1","T3DEV-QNXT-QA-RG",
"QN-AZQA390-BIZ1","T3DEV-QNXT-QA-RG",
"QN-AZQA390-HUB1","T3DEV-QNXT-QA-RG",
"QN-AZQA391-APP1","T3DEV-QNXT-QA-RG",
"QN-AZQA391-BIZ1","T3DEV-QNXT-QA-RG",
"QN-AZQA391-HUB1","T3DEV-QNXT-QA-RG",
"QN-AZQA391-LNX1","T3DEV-QNXT-QA-RG",
"QN-AZQA391-MYQ1","T3DEV-QNXT-QA-RG",
"QN-AZQA392-APP1","T3DEV-QNXT-QA-RG",
"QN-AZQA392-BIZ1","T3DEV-QNXT-QA-RG",
"QN-AZQA392-HUB1","T3DEV-QNXT-QA-RG",
"QN-AZQA392-MYQ1","T3DEV-QNXT-QA-RG",
"qn-aztest-rec1","T3DEV-QNXT-QA-RG",
"QN-DEMO1-APP1","T3DEV-QNXT-QA-RG",
"QN-DEMO1-BIZ1","T3DEV-QNXT-QA-RG",
"QN-DEMO1-HUB1","T3DEV-QNXT-QA-RG",
"QN-DEMO1-LNX1","T3DEV-QNXT-QA-RG",
"QN-DEMO1-MYQ1","T3DEV-QNXT-QA-RG",
"Test-VM","T3DEV-QNXT-QA-RG",
"QN-AZAT-002","TT3DEV-QNXT-AUTO-RG",
"QN-AZAT-003","TT3DEV-QNXT-AUTO-RG","Mountain Standard Time;Friday=8:00PM -> 11:59PM,Saturday,Sunday=12:00AM -> 4PM"
"QN-AZAT-004","TT3DEV-QNXT-AUTO-RG","Mountain Standard Time;Friday=8:00PM -> 11:59PM,Saturday,Sunday=12:00AM -> 4PM"
"QN-AZAT-005","TT3DEV-QNXT-AUTO-RG",
"QN-AZAT-006","TT3DEV-QNXT-AUTO-RG","Mountain Standard Time;Friday=8:00PM -> 11:59PM,Saturday,Sunday=12:00AM -> 4PM"
"QN-AZAT-007","TT3DEV-QNXT-AUTO-RG","Mountain Standard Time;Friday=8:00PM -> 11:59PM,Saturday,Sunday=12:00AM -> 2PM"
"QN-AZAT-008","TT3DEV-QNXT-AUTO-RG","Mountain Standard Time;Friday=8:00PM -> 11:59PM,Saturday,Sunday=12:00AM -> 4PM"
"QN-AZAT-901","TT3DEV-QNXT-AUTO-RG",
"QN-AZAT-903","TT3DEV-QNXT-AUTO-RG",
"QN-AZAT-910","TT3DEV-QNXT-AUTO-RG",
"QN-AZAT-911","TT3DEV-QNXT-AUTO-RG",
"QN-AZAT-A01","TT3DEV-QNXT-AUTO-RG","Mountain Standard Time;Friday=8:00PM -> 11:59PM,Saturday,Sunday=12:00AM -> 4PM"
"QN-AZAT-A02","TT3DEV-QNXT-AUTO-RG","Mountain Standard Time;Friday=8:00PM -> 11:59PM,Saturday,Sunday=12:00AM -> 4PM"
"QN-AZAT-A03","TT3DEV-QNXT-AUTO-RG","Mountain Standard Time;Friday=8:00PM -> 11:59PM,Saturday,Sunday=12:00AM -> 2PM"
"QN-AZAT-A04","TT3DEV-QNXT-AUTO-RG","Mountain Standard Time;Friday=8:00PM -> 11:59PM,Saturday,Sunday=12:00AM -> 4PM"
"QN-AZAT-A05","TT3DEV-QNXT-AUTO-RG","Mountain Standard Time;Friday=8:00PM -> 11:59PM,Saturday,Sunday=12:00AM -> 2PM"
"QN-AZAT-A06","TT3DEV-QNXT-AUTO-RG","Mountain Standard Time;Friday=8:00PM -> 11:59PM,Saturday,Sunday=12:00AM -> 4PM"
"QN-AZAT-A07","TT3DEV-QNXT-AUTO-RG","Mountain Standard Time;Friday=8:00PM -> 11:59PM,Saturday,Sunday=12:00AM -> 4PM"
"QN-AZAT-A09","TT3DEV-QNXT-AUTO-RG","Mountain Standard Time;Friday=8:00PM -> 11:59PM,Saturday,Sunday=12:00AM -> 4PM"
"QN-AZAT-A11","TT3DEV-QNXT-AUTO-RG","Mountain Standard Time;Friday=8:00PM -> 11:59PM,Saturday,Sunday=12:00AM -> 4PM"
"QN-AZAT-A12","TT3DEV-QNXT-AUTO-RG","Mountain Standard Time;Friday=8:00PM -> 11:59PM,Saturday,Sunday=12:00AM -> 4PM"
"QN-AZAT-B01","TT3DEV-QNXT-AUTO-RG","Mountain Standard Time;Friday=8:00PM -> 11:59PM,Saturday,Sunday=12:00AM -> 2PM"
"QN-AZAT-B02","TT3DEV-QNXT-AUTO-RG",
"QN-AZAT-B03","TT3DEV-QNXT-AUTO-RG","Mountain Standard Time;Friday=8:00PM -> 11:59PM,Saturday,Sunday=12:00AM -> 4PM"
"QN-AZAT-C01","TT3DEV-QNXT-AUTO-RG","Mountain Standard Time;Friday=8:00PM -> 11:59PM,Saturday,Sunday=12:00AM -> 4PM"
"QN-AZAT-C02","TT3DEV-QNXT-AUTO-RG","Mountain Standard Time;Friday=8:00PM -> 11:59PM,Saturday,Sunday=12:00AM -> 4PM"
"QN-AZAT-C03","TT3DEV-QNXT-AUTO-RG","Mountain Standard Time;Friday=8:00PM -> 11:59PM,Saturday,Sunday=12:00AM -> 2PM"
"QN-AZAT-C04","TT3DEV-QNXT-AUTO-RG","Mountain Standard Time;Friday=8:00PM -> 11:59PM,Saturday,Sunday=12:00AM -> 2PM"
"QN-AZAT-C05","TT3DEV-QNXT-AUTO-RG","Mountain Standard Time;Friday=8:00PM -> 11:59PM,Saturday,Sunday=12:00AM -> 2PM"
"QN-AZAT-C06","TT3DEV-QNXT-AUTO-RG","Mountain Standard Time;Friday=8:00PM -> 11:59PM,Saturday,Sunday=12:00AM -> 2PM"
"QN-AZAT-C07","TT3DEV-QNXT-AUTO-RG","Mountain Standard Time;Friday=8:00PM -> 11:59PM,Saturday,Sunday=12:00AM -> 2PM"
"QN-AZAT-C08","TT3DEV-QNXT-AUTO-RG","Mountain Standard Time;Friday=8:00PM -> 11:59PM,Saturday,Sunday=12:00AM -> 2PM"
"QN-AZAT-C09","TT3DEV-QNXT-AUTO-RG","Mountain Standard Time;Friday=8:00PM -> 11:59PM,Saturday,Sunday=12:00AM -> 2PM"
"QN-AZAT-C10","TT3DEV-QNXT-AUTO-RG","Mountain Standard Time;Friday=8:00PM -> 11:59PM,Saturday,Sunday=12:00AM -> 2PM"
"qn-azat-c11","TT3DEV-QNXT-AUTO-RG","Mountain Standard Time;Friday=8:00PM -> 11:59PM,Saturday,Sunday=12:00AM -> 2PM"
"qn-azat-c12","TT3DEV-QNXT-AUTO-RG","Mountain Standard Time;Friday=8:00PM -> 11:59PM,Saturday,Sunday=12:00AM -> 2PM"
"qn-azat-c13","TT3DEV-QNXT-AUTO-RG","Mountain Standard Time;Friday=8:00PM -> 11:59PM,Saturday,Sunday=12:00AM -> 2PM"
"qn-azat-c14","TT3DEV-QNXT-AUTO-RG","Mountain Standard Time;Friday=8:00PM -> 11:59PM,Saturday,Sunday=12:00AM -> 2PM"
"qn-azat-c15","TT3DEV-QNXT-AUTO-RG","Mountain Standard Time;Friday=8:00PM -> 11:59PM,Saturday,Sunday=12:00AM -> 2PM"
"qn-azat-c16","TT3DEV-QNXT-AUTO-RG","Mountain Standard Time;Friday=8:00PM -> 11:59PM,Saturday,Sunday=12:00AM -> 2PM"
"qn-azat-c17","TT3DEV-QNXT-AUTO-RG","Mountain Standard Time;Friday=8:00PM -> 11:59PM,Saturday,Sunday=12:00AM -> 2PM"
"qn-azat-c18","TT3DEV-QNXT-AUTO-RG","Mountain Standard Time;Friday=8:00PM -> 11:59PM,Saturday,Sunday=12:00AM -> 2PM"
"QN-AZAT-CTR-02","TT3DEV-QNXT-AUTO-RG","Mountain Standard Time;Friday=8:00PM -> 11:59PM,Saturday,Sunday=12:00AM -> 2PM"
"QN-AZAT-CTR-03","TT3DEV-QNXT-AUTO-RG",
"QN-AZAT-CTR-04","TT3DEV-QNXT-AUTO-RG","Mountain Standard Time;Friday=8:00PM -> 11:59PM,Saturday,Sunday=12:00AM -> 2PM"
"QN-AZAT-V01","TT3DEV-QNXT-AUTO-RG","Mountain Standard Time;Friday=8:00PM -> 11:59PM,Saturday,Sunday=12:00AM -> 2PM"
"QN-AZAT-V02","TT3DEV-QNXT-AUTO-RG","Mountain Standard Time;Friday=8:00PM -> 11:59PM,Saturday,Sunday=12:00AM -> 2PM"
"QN-AZAT-V03","TT3DEV-QNXT-AUTO-RG","Mountain Standard Time;Friday=8:00PM -> 11:59PM,Saturday,Sunday=12:00AM -> 2PM"
"QN-AZAT-V04","TT3DEV-QNXT-AUTO-RG","Mountain Standard Time;Friday=8:00PM -> 11:59PM,Saturday,Sunday=12:00AM -> 2PM"
"qn-azat-v05","TT3DEV-QNXT-AUTO-RG","Mountain Standard Time;Friday=8:00PM -> 11:59PM,Saturday,Sunday=12:00AM -> 2PM"
"qn-azat-v06","TT3DEV-QNXT-AUTO-RG","Mountain Standard Time;Friday=8:00PM -> 11:59PM,Saturday,Sunday=12:00AM -> 2PM"
"qn-azat-v07","TT3DEV-QNXT-AUTO-RG","Mountain Standard Time;Friday=8:00PM -> 11:59PM,Saturday,Sunday=12:00AM -> 2PM"
"qn-azat-v08","TT3DEV-QNXT-AUTO-RG",
"qn-azat-v09","TT3DEV-QNXT-AUTO-RG","Mountain Standard Time;Friday=8:00PM -> 11:59PM,Saturday,Sunday=12:00AM -> 2PM"
"QN-AZAT-W01","TT3DEV-QNXT-AUTO-RG","Mountain Standard Time;Friday=8:00PM -> 11:59PM,Saturday,Sunday=12:00AM -> 2PM"
"QN-AZAT-W02","TT3DEV-QNXT-AUTO-RG",
"QN-AZAT-W11","TT3DEV-QNXT-AUTO-RG","Mountain Standard Time;Friday=8:00PM -> 11:59PM,Saturday,Sunday=12:00AM -> 2PM"
